[2026-03-03T05:40:35.963Z] {"timestamp":1772516433972,"kind":"focusin","url":"http://localhost:3000/my-page","viewport":{"width":1246,"height":678},"payload":{"target":{"tag":"button","id":null,"name":null,"type":null,"role":null,"ariaLabel":null,"testId":null,"dataLoc":"client/src/pages/MyPage.tsx:234","href":null,"text":"一覧に戻る","selectorHint":"[data-loc=\"client/src/pages/MyPage.tsx:234\"]"}}}
[2026-03-03T05:40:35.963Z] {"timestamp":1772516434068,"kind":"click","url":"http://localhost:3000/my-page","viewport":{"width":1246,"height":678},"payload":{"target":{"tag":"button","id":null,"name":null,"type":null,"role":null,"ariaLabel":null,"testId":null,"dataLoc":"client/src/pages/MyPage.tsx:234","href":null,"text":"一覧に戻る","selectorHint":"[data-loc=\"client/src/pages/MyPage.tsx:234\"]"},"x":1136,"y":72}}
[2026-03-03T05:40:35.963Z] {"timestamp":1772516434070,"kind":"navigate","url":"http://localhost:3000/horses","viewport":{"width":1246,"height":678},"payload":{"reason":"pushState"}}
[2026-03-03T05:40:35.963Z] {"timestamp":1772516435700,"kind":"focusin","url":"http://localhost:3000/horses","viewport":{"width":1246,"height":678},"payload":{"target":{"tag":"button","id":null,"name":null,"type":null,"role":null,"ariaLabel":null,"testId":null,"dataLoc":"client/src/pages/Horses.tsx:114","href":null,"text":"ホームに戻る","selectorHint":"[data-loc=\"client/src/pages/Horses.tsx:114\"]"}}}
[2026-03-03T05:40:35.963Z] {"timestamp":1772516435784,"kind":"click","url":"http://localhost:3000/horses","viewport":{"width":1246,"height":678},"payload":{"target":{"tag":"button","id":null,"name":null,"type":null,"role":null,"ariaLabel":null,"testId":null,"dataLoc":"client/src/pages/Horses.tsx:114","href":null,"text":"ホームに戻る","selectorHint":"[data-loc=\"client/src/pages/Horses.tsx:114\"]"},"x":1147,"y":68}}
[2026-03-03T05:40:35.963Z] {"timestamp":1772516435786,"kind":"navigate","url":"http://localhost:3000/","viewport":{"width":1246,"height":678},"payload":{"reason":"pushState"}}
[2026-03-03T05:40:37.969Z] {"timestamp":1772516437862,"kind":"scroll","url":"http://localhost:3000/","viewport":{"width":1246,"height":678},"payload":{"scrollX":0,"scrollY":3,"documentHeight":1575,"viewportHeight":678}}
[2026-03-03T05:40:39.973Z] {"timestamp":1772516438378,"kind":"scroll","url":"http://localhost:3000/","viewport":{"width":1246,"height":678},"payload":{"scrollX":0,"scrollY":267,"documentHeight":1575,"viewportHeight":678}}
[2026-03-03T05:40:39.973Z] {"timestamp":1772516439111,"kind":"scroll","url":"http://localhost:3000/","viewport":{"width":1246,"height":678},"payload":{"scrollX":0,"scrollY":391,"documentHeight":1575,"viewportHeight":678}}
[2026-03-03T05:40:44.003Z] {"timestamp":1772516442495,"kind":"scroll","url":"http://localhost:3000/","viewport":{"width":1246,"height":678},"payload":{"scrollX":0,"scrollY":673,"documentHeight":1575,"viewportHeight":678}}
[2026-03-03T05:40:46.004Z] {"timestamp":1772516445266,"kind":"click","url":"http://localhost:3000/","viewport":{"width":1246,"height":678},"payload":{"target":{"tag":"div","id":null,"name":null,"type":null,"role":null,"ariaLabel":null,"testId":null,"dataLoc":"client/src/pages/Home.tsx:92","href":null,"text":"開催中のセリ市 現在開催中のセリ市はありません","selectorHint":"[data-loc=\"client/src/pages/Home.tsx:92\"]"},"x":558,"y":264}}
[2026-03-03T05:40:48.006Z] {"timestamp":1772516447395,"kind":"scroll","url":"http://localhost:3000/","viewport":{"width":1246,"height":678},"payload":{"scrollX":0,"scrollY":598,"documentHeight":1575,"viewportHeight":678}}
[2026-03-03T05:41:16.047Z] {"timestamp":1772516475267,"kind":"click","url":"http://localhost:3000/","viewport":{"width":1246,"height":678},"payload":{"target":{"tag":"h4","id":null,"name":null,"type":null,"role":null,"ariaLabel":null,"testId":null,"dataLoc":"client/src/pages/Home.tsx:195","href":null,"text":"● 配信状況","selectorHint":"[data-loc=\"client/src/pages/Home.tsx:195\"]"},"x":977,"y":146}}
[2026-03-03T05:41:32.073Z] {"timestamp":1772516490194,"kind":"scroll","url":"http://localhost:3000/","viewport":{"width":1246,"height":678},"payload":{"scrollX":0,"scrollY":893,"documentHeight":1575,"viewportHeight":678}}
[2026-03-03T08:31:44.145Z] {"timestamp":1772526702676,"kind":"scroll","url":"http://localhost:3000/","viewport":{"width":1246,"height":678},"payload":{"scrollX":0,"scrollY":552,"documentHeight":1575,"viewportHeight":678}}
[2026-03-03T08:31:48.141Z] {"timestamp":1772526706310,"kind":"scroll","url":"http://localhost:3000/","viewport":{"width":1246,"height":678},"payload":{"scrollX":0,"scrollY":553,"documentHeight":1575,"viewportHeight":678}}
[2026-03-03T08:31:48.141Z] {"timestamp":1772526707194,"kind":"scroll","url":"http://localhost:3000/","viewport":{"width":1246,"height":678},"payload":{"scrollX":0,"scrollY":896,"documentHeight":1575,"viewportHeight":678}}
[2026-03-03T08:31:54.209Z] {"timestamp":1772526712700,"kind":"focusin","url":"http://localhost:3000/","viewport":{"width":1246,"height":678},"payload":{"target":{"tag":"button","id":null,"name":null,"type":null,"role":null,"ariaLabel":null,"testId":null,"dataLoc":"client/src/pages/Home.tsx:42","href":null,"text":"Logout","selectorHint":"[data-loc=\"client/src/pages/Home.tsx:42\"]"}}}
[2026-03-03T08:31:54.209Z] {"timestamp":1772526712849,"kind":"click","url":"http://localhost:3000/","viewport":{"width":1246,"height":678},"payload":{"target":{"tag":"button","id":null,"name":null,"type":null,"role":null,"ariaLabel":null,"testId":null,"dataLoc":"client/src/pages/Home.tsx:42","href":null,"text":"Logout","selectorHint":"[data-loc=\"client/src/pages/Home.tsx:42\"]"},"x":1206,"y":31}}
[2026-03-03T08:31:56.248Z] {"timestamp":1772526716016,"kind":"focusin","url":"http://localhost:3000/","viewport":{"width":1246,"height":678},"payload":{"target":{"tag":"button","id":null,"name":null,"type":null,"role":null,"ariaLabel":null,"testId":null,"dataLoc":"client/src/pages/Home.tsx:53","href":null,"text":"Login","selectorHint":"[data-loc=\"client/src/pages/Home.tsx:53\"]"}}}
[2026-03-03T08:31:56.248Z] {"timestamp":1772526716131,"kind":"click","url":"http://localhost:3000/","viewport":{"width":1246,"height":678},"payload":{"target":{"tag":"button","id":null,"name":null,"type":null,"role":null,"ariaLabel":null,"testId":null,"dataLoc":"client/src/pages/Home.tsx:53","href":null,"text":"Login","selectorHint":"[data-loc=\"client/src/pages/Home.tsx:53\"]"},"x":1188,"y":43}}
[2026-03-03T08:31:56.248Z] {"timestamp":1772526716132,"kind":"navigate","url":"http://localhost:3000/login","viewport":{"width":1246,"height":678},"payload":{"reason":"pushState"}}
[2026-03-03T08:31:56.248Z] {"timestamp":1772526716145,"kind":"scroll","url":"http://localhost:3000/login","viewport":{"width":1246,"height":678},"payload":{"scrollX":0,"scrollY":0,"documentHeight":678,"viewportHeight":678}}
[2026-03-03T08:32:07.793Z] {"timestamp":1772526726276,"kind":"scroll","url":"http://localhost:3000/","viewport":{"width":1246,"height":678},"payload":{"scrollX":0,"scrollY":3,"documentHeight":1575,"viewportHeight":678}}
[2026-03-03T08:32:07.793Z] {"timestamp":1772526727160,"kind":"scroll","url":"http://localhost:3000/","viewport":{"width":1246,"height":678},"payload":{"scrollX":0,"scrollY":449,"documentHeight":1575,"viewportHeight":678}}
[2026-03-03T08:32:09.804Z] {"timestamp":1772526729393,"kind":"scroll","url":"http://localhost:3000/","viewport":{"width":1246,"height":678},"payload":{"scrollX":0,"scrollY":734,"documentHeight":1575,"viewportHeight":678}}
[2026-03-03T08:32:11.871Z] {"timestamp":1772526730176,"kind":"scroll","url":"http://localhost:3000/","viewport":{"width":1246,"height":678},"payload":{"scrollX":0,"scrollY":520,"documentHeight":1575,"viewportHeight":678}}
[2026-03-03T08:32:11.871Z] {"timestamp":1772526730677,"kind":"scroll","url":"http://localhost:3000/","viewport":{"width":1246,"height":678},"payload":{"scrollX":0,"scrollY":71,"documentHeight":1575,"viewportHeight":678}}
[2026-03-03T08:57:50.070Z] {"timestamp":1772528269845,"kind":"scroll","url":"http://localhost:3000/","viewport":{"width":1246,"height":678},"payload":{"scrollX":0,"scrollY":1,"documentHeight":1575,"viewportHeight":678}}
[2026-03-03T08:57:52.053Z] {"timestamp":1772528270361,"kind":"scroll","url":"http://localhost:3000/","viewport":{"width":1246,"height":678},"payload":{"scrollX":0,"scrollY":548,"documentHeight":1575,"viewportHeight":678}}
[2026-03-03T08:57:54.337Z] {"timestamp":1772528272428,"kind":"scroll","url":"http://localhost:3000/","viewport":{"width":1246,"height":678},"payload":{"scrollX":0,"scrollY":670,"documentHeight":1575,"viewportHeight":678}}
[2026-03-03T08:57:54.337Z] {"timestamp":1772528273295,"kind":"scroll","url":"http://localhost:3000/","viewport":{"width":1246,"height":678},"payload":{"scrollX":0,"scrollY":669,"documentHeight":1575,"viewportHeight":678}}
[2026-03-03T08:57:54.337Z] {"timestamp":1772528273794,"kind":"scroll","url":"http://localhost:3000/","viewport":{"width":1246,"height":678},"payload":{"scrollX":0,"scrollY":371,"documentHeight":1687,"viewportHeight":678}}
[2026-03-03T08:57:56.368Z] {"timestamp":1772528274378,"kind":"scroll","url":"http://localhost:3000/","viewport":{"width":1246,"height":678},"payload":{"scrollX":0,"scrollY":106,"documentHeight":1687,"viewportHeight":678}}
[2026-03-03T08:57:56.368Z] {"timestamp":1772528274978,"kind":"scroll","url":"http://localhost:3000/","viewport":{"width":1246,"height":678},"payload":{"scrollX":0,"scrollY":431,"documentHeight":1687,"viewportHeight":678}}
[2026-03-03T08:57:56.368Z] {"timestamp":1772528275763,"kind":"scroll","url":"http://localhost:3000/","viewport":{"width":1246,"height":678},"payload":{"scrollX":0,"scrollY":617,"documentHeight":1687,"viewportHeight":678}}
[2026-03-03T08:59:16.745Z] {"timestamp":1772528356012,"kind":"scroll","url":"http://localhost:3000/","viewport":{"width":1246,"height":678},"payload":{"scrollX":0,"scrollY":1,"documentHeight":1687,"viewportHeight":678}}
[2026-03-03T08:59:18.747Z] {"timestamp":1772528356994,"kind":"scroll","url":"http://localhost:3000/","viewport":{"width":1246,"height":678},"payload":{"scrollX":0,"scrollY":465,"documentHeight":1687,"viewportHeight":678}}
[2026-03-03T08:59:18.747Z] {"timestamp":1772528358135,"kind":"focusin","url":"http://localhost:3000/","viewport":{"width":1246,"height":678},"payload":{"target":{"tag":"button","id":null,"name":null,"type":null,"role":null,"ariaLabel":null,"testId":null,"dataLoc":"client/src/pages/Home.tsx:42","href":null,"text":"Logout","selectorHint":"[data-loc=\"client/src/pages/Home.tsx:42\"]"}}}
[2026-03-03T08:59:18.747Z] {"timestamp":1772528358216,"kind":"click","url":"http://localhost:3000/","viewport":{"width":1246,"height":678},"payload":{"target":{"tag":"button","id":null,"name":null,"type":null,"role":null,"ariaLabel":null,"testId":null,"dataLoc":"client/src/pages/Home.tsx:42","href":null,"text":"Logout","selectorHint":"[data-loc=\"client/src/pages/Home.tsx:42\"]"},"x":1184,"y":42}}
[2026-03-03T08:59:20.807Z] {"timestamp":1772528359718,"kind":"focusin","url":"http://localhost:3000/","viewport":{"width":1246,"height":678},"payload":{"target":{"tag":"button","id":null,"name":null,"type":null,"role":null,"ariaLabel":null,"testId":null,"dataLoc":"client/src/pages/Home.tsx:53","href":null,"text":"Login","selectorHint":"[data-loc=\"client/src/pages/Home.tsx:53\"]"}}}
[2026-03-03T08:59:20.807Z] {"timestamp":1772528359833,"kind":"click","url":"http://localhost:3000/","viewport":{"width":1246,"height":678},"payload":{"target":{"tag":"button","id":null,"name":null,"type":null,"role":null,"ariaLabel":null,"testId":null,"dataLoc":"client/src/pages/Home.tsx:53","href":null,"text":"Login","selectorHint":"[data-loc=\"client/src/pages/Home.tsx:53\"]"},"x":1184,"y":42}}
[2026-03-03T08:59:20.807Z] {"timestamp":1772528359834,"kind":"navigate","url":"http://localhost:3000/login","viewport":{"width":1246,"height":678},"payload":{"reason":"pushState"}}
[2026-03-03T08:59:45.257Z] {"timestamp":1772528384528,"kind":"scroll","url":"http://localhost:3000/","viewport":{"width":1246,"height":678},"payload":{"scrollX":0,"scrollY":1,"documentHeight":1575,"viewportHeight":678}}
[2026-03-03T08:59:47.265Z] {"timestamp":1772528385445,"kind":"scroll","url":"http://localhost:3000/","viewport":{"width":1246,"height":678},"payload":{"scrollX":0,"scrollY":432,"documentHeight":1575,"viewportHeight":678}}
[2026-03-03T09:12:17.312Z] {"timestamp":1772529136409,"kind":"scroll","url":"http://localhost:3000/","viewport":{"width":1246,"height":678},"payload":{"scrollX":0,"scrollY":551,"documentHeight":1434,"viewportHeight":678}}
[2026-03-03T09:12:17.312Z] {"timestamp":1772529136912,"kind":"scroll","url":"http://localhost:3000/","viewport":{"width":1246,"height":678},"payload":{"scrollX":0,"scrollY":133,"documentHeight":1434,"viewportHeight":678}}
[2026-03-03T09:12:19.350Z] {"timestamp":1772529138427,"kind":"scroll","url":"http://localhost:3000/","viewport":{"width":1246,"height":678},"payload":{"scrollX":0,"scrollY":45,"documentHeight":1434,"viewportHeight":678}}
[2026-03-03T09:12:19.351Z] {"timestamp":1772529139041,"kind":"scroll","url":"http://localhost:3000/","viewport":{"width":1246,"height":678},"payload":{"scrollX":0,"scrollY":0.5,"documentHeight":1434,"viewportHeight":678}}
[2026-03-03T09:12:21.365Z] {"timestamp":1772529139542,"kind":"scroll","url":"http://localhost:3000/","viewport":{"width":1246,"height":678},"payload":{"scrollX":0,"scrollY":596.5,"documentHeight":1434,"viewportHeight":678}}
[2026-03-03T09:12:21.365Z] {"timestamp":1772529141177,"kind":"scroll","url":"http://localhost:3000/","viewport":{"width":1246,"height":678},"payload":{"scrollX":0,"scrollY":755.5,"documentHeight":1434,"viewportHeight":678}}
[2026-03-03T09:12:23.366Z] {"timestamp":1772529142761,"kind":"scroll","url":"http://localhost:3000/","viewport":{"width":1246,"height":678},"payload":{"scrollX":0,"scrollY":1,"documentHeight":1434,"viewportHeight":678}}
[2026-03-03T09:12:25.370Z] {"timestamp":1772529143472,"kind":"scroll","url":"http://localhost:3000/","viewport":{"width":1246,"height":678},"payload":{"scrollX":0,"scrollY":540,"documentHeight":1434,"viewportHeight":678}}
[2026-03-03T09:12:25.370Z] {"timestamp":1772529144675,"kind":"scroll","url":"http://localhost:3000/","viewport":{"width":1246,"height":678},"payload":{"scrollX":0,"scrollY":755.5,"documentHeight":1434,"viewportHeight":678}}
[2026-03-03T09:12:25.370Z] {"timestamp":1772529145176,"kind":"scroll","url":"http://localhost:3000/","viewport":{"width":1246,"height":678},"payload":{"scrollX":0,"scrollY":289.5,"documentHeight":1434,"viewportHeight":678}}
[2026-03-03T09:12:29.380Z] {"timestamp":1772529148285,"kind":"focusin","url":"http://localhost:3000/","viewport":{"width":1246,"height":678},"payload":{"target":{"tag":"button","id":null,"name":null,"type":null,"role":null,"ariaLabel":null,"testId":null,"dataLoc":"client/src/pages/Landing.tsx:31","href":null,"text":"上場馬一覧を見る","selectorHint":"[data-loc=\"client/src/pages/Landing.tsx:31\"]"}}}
[2026-03-03T09:12:29.380Z] {"timestamp":1772529148430,"kind":"click","url":"http://localhost:3000/","viewport":{"width":1246,"height":678},"payload":{"target":{"tag":"button","id":null,"name":null,"type":null,"role":null,"ariaLabel":null,"testId":null,"dataLoc":"client/src/pages/Landing.tsx:31","href":null,"text":"上場馬一覧を見る","selectorHint":"[data-loc=\"client/src/pages/Landing.tsx:31\"]"},"x":660,"y":423}}
[2026-03-03T09:12:29.380Z] {"timestamp":1772529148431,"kind":"navigate","url":"http://localhost:3000/horses","viewport":{"width":1246,"height":678},"payload":{"reason":"pushState"}}
[2026-03-03T11:05:51.117Z] {"timestamp":1772535950519,"kind":"focusin","url":"http://localhost:3000/horses","viewport":{"width":1246,"height":678},"payload":{"target":{"tag":"button","id":null,"name":null,"type":null,"role":null,"ariaLabel":null,"testId":null,"dataLoc":"client/src/pages/Horses.tsx:114","href":null,"text":"ホームに戻る","selectorHint":"[data-loc=\"client/src/pages/Horses.tsx:114\"]"}}}
[2026-03-03T11:05:51.117Z] {"timestamp":1772535950601,"kind":"click","url":"http://localhost:3000/horses","viewport":{"width":1246,"height":678},"payload":{"target":{"tag":"button","id":null,"name":null,"type":null,"role":null,"ariaLabel":null,"testId":null,"dataLoc":"client/src/pages/Horses.tsx:114","href":null,"text":"ホームに戻る","selectorHint":"[data-loc=\"client/src/pages/Horses.tsx:114\"]"},"x":1131,"y":70}}
[2026-03-03T11:05:51.117Z] {"timestamp":1772535950602,"kind":"navigate","url":"http://localhost:3000/","viewport":{"width":1246,"height":678},"payload":{"reason":"pushState"}}
[2026-03-03T11:05:57.123Z] {"timestamp":1772535955913,"kind":"scroll","url":"http://localhost:3000/","viewport":{"width":1246,"height":678},"payload":{"scrollX":0,"scrollY":1,"documentHeight":1434,"viewportHeight":678}}
[2026-03-03T11:05:57.123Z] {"timestamp":1772535957115,"kind":"scroll","url":"http://localhost:3000/","viewport":{"width":1246,"height":678},"payload":{"scrollX":0,"scrollY":286,"documentHeight":1434,"viewportHeight":678}}
[2026-03-03T11:05:59.137Z] {"timestamp":1772535957634,"kind":"scroll","url":"http://localhost:3000/","viewport":{"width":1246,"height":678},"payload":{"scrollX":0,"scrollY":502,"documentHeight":1434,"viewportHeight":678}}
[2026-03-03T11:05:59.137Z] {"timestamp":1772535958616,"kind":"scroll","url":"http://localhost:3000/","viewport":{"width":1246,"height":678},"payload":{"scrollX":0,"scrollY":548,"documentHeight":1434,"viewportHeight":678}}
[2026-03-03T11:06:07.137Z] {"timestamp":1772535966179,"kind":"scroll","url":"http://localhost:3000/","viewport":{"width":1246,"height":678},"payload":{"scrollX":0,"scrollY":688,"documentHeight":1434,"viewportHeight":678}}
[2026-03-03T11:06:09.135Z] {"timestamp":1772535968182,"kind":"scroll","url":"http://localhost:3000/","viewport":{"width":1246,"height":678},"payload":{"scrollX":0,"scrollY":755.5,"documentHeight":1434,"viewportHeight":678}}
[2026-03-03T11:06:09.135Z] {"timestamp":1772535968696,"kind":"scroll","url":"http://localhost:3000/","viewport":{"width":1246,"height":678},"payload":{"scrollX":0,"scrollY":291.5,"documentHeight":1434,"viewportHeight":678}}
[2026-03-03T11:06:11.292Z] {"timestamp":1772535969197,"kind":"scroll","url":"http://localhost:3000/","viewport":{"width":1246,"height":678},"payload":{"scrollX":0,"scrollY":209.5,"documentHeight":1434,"viewportHeight":678}}
[2026-03-03T11:06:11.292Z] {"timestamp":1772535969713,"kind":"scroll","url":"http://localhost:3000/","viewport":{"width":1246,"height":678},"payload":{"scrollX":0,"scrollY":144.5,"documentHeight":1434,"viewportHeight":678}}
[2026-03-03T11:06:23.372Z] {"timestamp":1772535981601,"kind":"scroll","url":"http://localhost:3000/","viewport":{"width":1246,"height":678},"payload":{"scrollX":0,"scrollY":1,"documentHeight":1434,"viewportHeight":678}}
[2026-03-03T11:06:23.372Z] {"timestamp":1772535983167,"kind":"scroll","url":"http://localhost:3000/","viewport":{"width":1246,"height":678},"payload":{"scrollX":0,"scrollY":469,"documentHeight":1434,"viewportHeight":678}}
[2026-03-03T11:06:27.381Z] {"timestamp":1772535986733,"kind":"scroll","url":"http://localhost:3000/","viewport":{"width":1246,"height":678},"payload":{"scrollX":0,"scrollY":562,"documentHeight":1434,"viewportHeight":678}}
[2026-03-03T11:06:31.395Z] {"timestamp":1772535991079,"kind":"scroll","url":"http://localhost:3000/","viewport":{"width":1246,"height":678},"payload":{"scrollX":0,"scrollY":755.5,"documentHeight":1434,"viewportHeight":678}}
[2026-03-03T11:06:33.400Z] {"timestamp":1772535991633,"kind":"scroll","url":"http://localhost:3000/","viewport":{"width":1246,"height":678},"payload":{"scrollX":0,"scrollY":710.5,"documentHeight":1434,"viewportHeight":678}}
[2026-03-03T11:06:33.400Z] {"timestamp":1772535993099,"kind":"scroll","url":"http://localhost:3000/","viewport":{"width":1246,"height":678},"payload":{"scrollX":0,"scrollY":670.5,"documentHeight":1434,"viewportHeight":678}}
[2026-03-03T11:06:35.470Z] {"timestamp":1772535993613,"kind":"scroll","url":"http://localhost:3000/","viewport":{"width":1246,"height":678},"payload":{"scrollX":0,"scrollY":296.5,"documentHeight":1434,"viewportHeight":678}}
[2026-03-03T11:07:31.712Z] {"timestamp":1772536050396,"kind":"scroll","url":"http://localhost:3000/","viewport":{"width":1246,"height":678},"payload":{"scrollX":0,"scrollY":378,"documentHeight":1434,"viewportHeight":678}}
[2026-03-03T11:07:31.712Z] {"timestamp":1772536050926,"kind":"scroll","url":"http://localhost:3000/","viewport":{"width":1246,"height":678},"payload":{"scrollX":0,"scrollY":756.5,"documentHeight":1434,"viewportHeight":678}}
[2026-03-03T11:07:31.712Z] {"timestamp":1772536051439,"kind":"scroll","url":"http://localhost:3000/","viewport":{"width":1246,"height":678},"payload":{"scrollX":0,"scrollY":0,"documentHeight":1434,"viewportHeight":678}}
[2026-03-03T11:09:02.378Z] {"timestamp":1772536141045,"kind":"scroll","url":"http://localhost:3000/","viewport":{"width":1246,"height":678},"payload":{"scrollX":0,"scrollY":1,"documentHeight":1507,"viewportHeight":678}}
[2026-03-03T11:09:02.378Z] {"timestamp":1772536141546,"kind":"scroll","url":"http://localhost:3000/","viewport":{"width":1246,"height":678},"payload":{"scrollX":0,"scrollY":676,"documentHeight":1507,"viewportHeight":678}}
[2026-03-03T11:09:02.378Z] {"timestamp":1772536142046,"kind":"scroll","url":"http://localhost:3000/","viewport":{"width":1246,"height":678},"payload":{"scrollX":0,"scrollY":790,"documentHeight":1507,"viewportHeight":678}}
[2026-03-03T11:09:04.380Z] {"timestamp":1772536143163,"kind":"scroll","url":"http://localhost:3000/","viewport":{"width":1246,"height":678},"payload":{"scrollX":0,"scrollY":821.5,"documentHeight":1507,"viewportHeight":678}}
[2026-03-03T11:09:04.380Z] {"timestamp":1772536143662,"kind":"scroll","url":"http://localhost:3000/","viewport":{"width":1246,"height":678},"payload":{"scrollX":0,"scrollY":540.5,"documentHeight":1507,"viewportHeight":678}}
[2026-03-03T11:09:04.380Z] {"timestamp":1772536144163,"kind":"scroll","url":"http://localhost:3000/","viewport":{"width":1246,"height":678},"payload":{"scrollX":0,"scrollY":522,"documentHeight":1507,"viewportHeight":678}}
[2026-03-03T11:09:06.383Z] {"timestamp":1772536144996,"kind":"scroll","url":"http://localhost:3000/","viewport":{"width":1246,"height":678},"payload":{"scrollX":0,"scrollY":771.5,"documentHeight":1507,"viewportHeight":678}}
[2026-03-03T11:09:06.383Z] {"timestamp":1772536145496,"kind":"scroll","url":"http://localhost:3000/","viewport":{"width":1246,"height":678},"payload":{"scrollX":0,"scrollY":474.5,"documentHeight":1507,"viewportHeight":678}}
[2026-03-03T11:10:22.555Z] {"timestamp":1772536221163,"kind":"scroll","url":"http://localhost:3000/","viewport":{"width":1246,"height":678},"payload":{"scrollX":0,"scrollY":334.5,"documentHeight":1507,"viewportHeight":678}}
[2026-03-03T11:10:22.555Z] {"timestamp":1772536221845,"kind":"scroll","url":"http://localhost:3000/","viewport":{"width":1246,"height":678},"payload":{"scrollX":0,"scrollY":0.5,"documentHeight":1507,"viewportHeight":678}}
[2026-03-03T11:10:22.555Z] {"timestamp":1772536222430,"kind":"scroll","url":"http://localhost:3000/","viewport":{"width":1246,"height":678},"payload":{"scrollX":0,"scrollY":350.5,"documentHeight":1507,"viewportHeight":678}}
[2026-03-03T11:10:24.556Z] {"timestamp":1772536222931,"kind":"scroll","url":"http://localhost:3000/","viewport":{"width":1246,"height":678},"payload":{"scrollX":0,"scrollY":656.5,"documentHeight":1507,"viewportHeight":678}}
[2026-03-03T11:10:24.556Z] {"timestamp":1772536224196,"kind":"scroll","url":"http://localhost:3000/","viewport":{"width":1246,"height":678},"payload":{"scrollX":0,"scrollY":829,"documentHeight":1507,"viewportHeight":678}}
[2026-03-03T11:10:26.571Z] {"timestamp":1772536224713,"kind":"scroll","url":"http://localhost:3000/","viewport":{"width":1246,"height":678},"payload":{"scrollX":0,"scrollY":146,"documentHeight":1507,"viewportHeight":678}}
[2026-03-03T11:11:40.470Z] {"timestamp":1772536299846,"kind":"scroll","url":"http://localhost:3000/","viewport":{"width":1246,"height":678},"payload":{"scrollX":0,"scrollY":1,"documentHeight":1507,"viewportHeight":678}}
[2026-03-03T11:11:42.485Z] {"timestamp":1772536301246,"kind":"scroll","url":"http://localhost:3000/","viewport":{"width":1246,"height":678},"payload":{"scrollX":0,"scrollY":49,"documentHeight":1507,"viewportHeight":678}}
[2026-03-03T11:11:42.485Z] {"timestamp":1772536301774,"kind":"scroll","url":"http://localhost:3000/","viewport":{"width":1246,"height":678},"payload":{"scrollX":0,"scrollY":281,"documentHeight":1507,"viewportHeight":678}}
[2026-03-03T11:11:42.485Z] {"timestamp":1772536302280,"kind":"scroll","url":"http://localhost:3000/","viewport":{"width":1246,"height":678},"payload":{"scrollX":0,"scrollY":631,"documentHeight":1507,"viewportHeight":678}}
[2026-03-03T11:11:50.537Z] {"timestamp":1772536309530,"kind":"scroll","url":"http://localhost:3000/","viewport":{"width":1246,"height":678},"payload":{"scrollX":0,"scrollY":708,"documentHeight":1507,"viewportHeight":678}}
[2026-03-03T11:11:56.571Z] {"timestamp":1772536316097,"kind":"scroll","url":"http://localhost:3000/","viewport":{"width":1246,"height":678},"payload":{"scrollX":0,"scrollY":828.5,"documentHeight":1507,"viewportHeight":678}}
[2026-03-03T11:11:58.578Z] {"timestamp":1772536317579,"kind":"scroll","url":"http://localhost:3000/","viewport":{"width":1246,"height":678},"payload":{"scrollX":0,"scrollY":630.5,"documentHeight":1507,"viewportHeight":678}}
[2026-03-03T11:11:58.578Z] {"timestamp":1772536318081,"kind":"scroll","url":"http://localhost:3000/","viewport":{"width":1246,"height":678},"payload":{"scrollX":0,"scrollY":0,"documentHeight":1507,"viewportHeight":678}}
[2026-03-03T11:44:18.200Z] {"timestamp":1772538256364,"kind":"focusin","url":"http://localhost:3000/","viewport":{"width":1246,"height":678},"payload":{"target":{"tag":"button","id":null,"name":null,"type":null,"role":null,"ariaLabel":null,"testId":null,"dataLoc":"client/src/pages/Landing.tsx:105","href":null,"text":"会員登録/ログイン","selectorHint":"[data-loc=\"client/src/pages/Landing.tsx:105\"]"}}}
[2026-03-03T11:44:18.200Z] {"timestamp":1772538256496,"kind":"click","url":"http://localhost:3000/","viewport":{"width":1246,"height":678},"payload":{"target":{"tag":"button","id":null,"name":null,"type":null,"role":null,"ariaLabel":null,"testId":null,"dataLoc":"client/src/pages/Landing.tsx:105","href":null,"text":"会員登録/ログイン","selectorHint":"[data-loc=\"client/src/pages/Landing.tsx:105\"]"},"x":1177,"y":31}}
[2026-03-03T11:44:18.200Z] {"timestamp":1772538256497,"kind":"navigate","url":"http://localhost:3000/login","viewport":{"width":1246,"height":678},"payload":{"reason":"pushState"}}
[2026-03-03T11:44:18.200Z] {"timestamp":1772538257881,"kind":"focusin","url":"http://localhost:3000/login","viewport":{"width":1246,"height":678},"payload":{"target":{"tag":"button","id":null,"name":null,"type":null,"role":null,"ariaLabel":null,"testId":null,"dataLoc":"client/src/pages/Login.tsx:28","href":null,"text":"会員登録/ログイン","selectorHint":"[data-loc=\"client/src/pages/Login.tsx:28\"]"}}}
[2026-03-03T11:44:18.200Z] {"timestamp":1772538257981,"kind":"click","url":"http://localhost:3000/login","viewport":{"width":1246,"height":678},"payload":{"target":{"tag":"button","id":null,"name":null,"type":null,"role":null,"ariaLabel":null,"testId":null,"dataLoc":"client/src/pages/Login.tsx:28","href":null,"text":"会員登録/ログイン","selectorHint":"[data-loc=\"client/src/pages/Login.tsx:28\"]"},"x":742,"y":396}}
[2026-03-03T11:44:30.289Z] {"timestamp":1772538269233,"kind":"focusin","url":"http://localhost:3000/","viewport":{"width":1246,"height":678},"payload":{"target":{"tag":"button","id":null,"name":null,"type":null,"role":null,"ariaLabel":null,"testId":null,"dataLoc":"client/src/pages/Landing.tsx:72","href":null,"text":"管理者メニュー","selectorHint":"[data-loc=\"client/src/pages/Landing.tsx:72\"]"}}}
[2026-03-03T11:44:30.289Z] {"timestamp":1772538269414,"kind":"click","url":"http://localhost:3000/","viewport":{"width":1246,"height":678},"payload":{"target":{"tag":"button","id":null,"name":null,"type":null,"role":null,"ariaLabel":null,"testId":null,"dataLoc":"client/src/pages/Landing.tsx:72","href":null,"text":"管理者メニュー","selectorHint":"[data-loc=\"client/src/pages/Landing.tsx:72\"]"},"x":891,"y":39}}
[2026-03-03T11:44:30.289Z] {"timestamp":1772538269414,"kind":"navigate","url":"http://localhost:3000/admin/import","viewport":{"width":1246,"height":678},"payload":{"reason":"pushState"}}
[2026-03-03T11:49:37.236Z] {"timestamp":1772538575935,"kind":"focusin","url":"http://localhost:3000/admin/import","viewport":{"width":1246,"height":678},"payload":{"target":{"tag":"input","id":null,"name":null,"type":"url","role":null,"ariaLabel":null,"testId":null,"dataLoc":"client/src/pages/AdminImport.tsx:95","href":null,"text":"","selectorHint":"[data-loc=\"client/src/pages/AdminImport.tsx:95\"]"}}}
[2026-03-03T11:49:37.236Z] {"timestamp":1772538576031,"kind":"click","url":"http://localhost:3000/admin/import","viewport":{"width":1246,"height":678},"payload":{"target":{"tag":"input","id":null,"name":null,"type":"url","role":null,"ariaLabel":null,"testId":null,"dataLoc":"client/src/pages/AdminImport.tsx:95","href":null,"text":"","selectorHint":"[data-loc=\"client/src/pages/AdminImport.tsx:95\"]"},"x":476,"y":283}}
[2026-03-03T11:49:41.244Z] {"timestamp":1772538580138,"kind":"change","url":"http://localhost:3000/admin/import","viewport":{"width":1246,"height":678},"payload":{"target":{"tag":"input","id":null,"name":null,"type":"url","role":null,"ariaLabel":null,"testId":null,"dataLoc":"client/src/pages/AdminImport.tsx:95","href":null,"text":"","selectorHint":"[data-loc=\"client/src/pages/AdminImport.tsx:95\"]"},"value":"https://wmp512t973.user-space.cdn.idcfcloud.net/catalog/20250801/index_all250818.html"}}
[2026-03-03T11:49:41.244Z] {"timestamp":1772538580138,"kind":"focusout","url":"http://localhost:3000/admin/import","viewport":{"width":1246,"height":678},"payload":{"target":{"tag":"input","id":null,"name":null,"type":"url","role":null,"ariaLabel":null,"testId":null,"dataLoc":"client/src/pages/AdminImport.tsx:95","href":null,"text":"","selectorHint":"[data-loc=\"client/src/pages/AdminImport.tsx:95\"]"},"value":"https://wmp512t973.user-space.cdn.idcfcloud.net/catalog/20250801/index_all250818.html"}}
[2026-03-03T11:49:57.445Z] {"timestamp":1772538595506,"kind":"focusin","url":"http://localhost:3000/admin/import","viewport":{"width":1246,"height":678},"payload":{"target":{"tag":"input","id":null,"name":null,"type":"url","role":null,"ariaLabel":null,"testId":null,"dataLoc":"client/src/pages/AdminImport.tsx:95","href":null,"text":"","selectorHint":"[data-loc=\"client/src/pages/AdminImport.tsx:95\"]"}}}
[2026-03-03T11:49:57.445Z] {"timestamp":1772538596482,"kind":"focusout","url":"http://localhost:3000/admin/import","viewport":{"width":1246,"height":678},"payload":{"target":{"tag":"input","id":null,"name":null,"type":"url","role":null,"ariaLabel":null,"testId":null,"dataLoc":"client/src/pages/AdminImport.tsx:95","href":null,"text":"","selectorHint":"[data-loc=\"client/src/pages/AdminImport.tsx:95\"]"},"value":"https://wmp512t973.user-space.cdn.idcfcloud.net/catalog/20250801/index_all250818.html"}}
[2026-03-03T11:49:57.445Z] {"timestamp":1772538596487,"kind":"focusin","url":"http://localhost:3000/admin/import","viewport":{"width":1246,"height":678},"payload":{"target":{"tag":"textarea","id":null,"name":null,"type":null,"role":null,"ariaLabel":null,"testId":null,"dataLoc":"client/src/pages/AdminImport.tsx:113","href":null,"text":"","selectorHint":"[data-loc=\"client/src/pages/AdminImport.tsx:113\"]"}}}
[2026-03-03T11:49:57.445Z] {"timestamp":1772538596573,"kind":"click","url":"http://localhost:3000/admin/import","viewport":{"width":1246,"height":678},"payload":{"target":{"tag":"textarea","id":null,"name":null,"type":null,"role":null,"ariaLabel":null,"testId":null,"dataLoc":"client/src/pages/AdminImport.tsx:113","href":null,"text":"","selectorHint":"[data-loc=\"client/src/pages/AdminImport.tsx:113\"]"},"x":346,"y":445}}
[2026-03-03T11:50:01.551Z] {"timestamp":1772538599799,"kind":"change","url":"http://localhost:3000/admin/import","viewport":{"width":1246,"height":678},"payload":{"target":{"tag":"textarea","id":null,"name":null,"type":null,"role":null,"ariaLabel":null,"testId":null,"dataLoc":"client/src/pages/AdminImport.tsx:113","href":null,"text":"https://w2.hba.or.jp/upload/1ce8de6cf8804f14a89b6158b3dedb55/00306eaaad213bdcf3c…","selectorHint":"[data-loc=\"client/src/pages/AdminImport.tsx:113\"]"},"value":"https://w2.hba.or.jp/upload/1ce8de6cf8804f14a89b6158b3dedb55/00306eaaad213bdcf3ce05da27fbf5d2.pdf\nhttps://w2.hba.or.jp/upload/1bb1dd14cc682ae38f32c2db37a28c9a/d65f979d2da9144d79365b709e3a7585.pdf\nhttp…"}}
[2026-03-03T11:50:01.551Z] {"timestamp":1772538599799,"kind":"focusout","url":"http://localhost:3000/admin/import","viewport":{"width":1246,"height":678},"payload":{"target":{"tag":"textarea","id":null,"name":null,"type":null,"role":null,"ariaLabel":null,"testId":null,"dataLoc":"client/src/pages/AdminImport.tsx:113","href":null,"text":"https://w2.hba.or.jp/upload/1ce8de6cf8804f14a89b6158b3dedb55/00306eaaad213bdcf3c…","selectorHint":"[data-loc=\"client/src/pages/AdminImport.tsx:113\"]"},"value":"https://w2.hba.or.jp/upload/1ce8de6cf8804f14a89b6158b3dedb55/00306eaaad213bdcf3ce05da27fbf5d2.pdf\nhttps://w2.hba.or.jp/upload/1bb1dd14cc682ae38f32c2db37a28c9a/d65f979d2da9144d79365b709e3a7585.pdf\nhttp…"}}
[2026-03-03T11:50:01.551Z] {"timestamp":1772538599799,"kind":"focusin","url":"http://localhost:3000/admin/import","viewport":{"width":1246,"height":678},"payload":{"target":{"tag":"button","id":null,"name":null,"type":null,"role":null,"ariaLabel":null,"testId":null,"dataLoc":"client/src/pages/AdminImport.tsx:159","href":null,"text":"データを取り込む","selectorHint":"[data-loc=\"client/src/pages/AdminImport.tsx:159\"]"}}}
[2026-03-03T11:50:01.551Z] {"timestamp":1772538599898,"kind":"click","url":"http://localhost:3000/admin/import","viewport":{"width":1246,"height":678},"payload":{"target":{"tag":"button","id":null,"name":null,"type":null,"role":null,"ariaLabel":null,"testId":null,"dataLoc":"client/src/pages/AdminImport.tsx:159","href":null,"text":"データを取り込む","selectorHint":"[data-loc=\"client/src/pages/AdminImport.tsx:159\"]"},"x":315,"y":650}}
[2026-03-03T11:50:01.552Z] {"timestamp":1772538599906,"kind":"focusout","url":"http://localhost:3000/admin/import","viewport":{"width":1246,"height":678},"payload":{"target":{"tag":"button","id":null,"name":null,"type":null,"role":null,"ariaLabel":null,"testId":null,"dataLoc":"client/src/pages/AdminImport.tsx:159","href":null,"text":"データを取り込み中...","selectorHint":"[data-loc=\"client/src/pages/AdminImport.tsx:159\"]"},"value":null}}
[2026-03-03T11:50:14.080Z] {"timestamp":1772538605926,"kind":"scroll","url":"http://localhost:3000/admin/import","viewport":{"width":1246,"height":678},"payload":{"scrollX":0,"scrollY":1,"documentHeight":883,"viewportHeight":678}}
[2026-03-03T11:50:14.080Z] {"timestamp":1772538606763,"kind":"scroll","url":"http://localhost:3000/admin/import","viewport":{"width":1246,"height":678},"payload":{"scrollX":0,"scrollY":120,"documentHeight":883,"viewportHeight":678}}
[2026-03-03T12:11:51.085Z] {"timestamp":1772539910310,"kind":"scroll","url":"http://localhost:3000/admin/import","viewport":{"width":1246,"height":678},"payload":{"scrollX":0,"scrollY":204,"documentHeight":1061,"viewportHeight":678}}
[2026-03-03T12:11:53.035Z] {"timestamp":1772539911753,"kind":"focusin","url":"http://localhost:3000/admin/import","viewport":{"width":1246,"height":678},"payload":{"target":{"tag":"button","id":"radix-_r_0_-trigger-jbis","name":null,"type":null,"role":"tab","ariaLabel":null,"testId":null,"dataLoc":"client/src/pages/AdminImport.tsx:85","href":null,"text":"JBISインポート","selectorHint":"[data-loc=\"client/src/pages/AdminImport.tsx:85\"]"}}}
[2026-03-03T12:11:53.035Z] {"timestamp":1772539911796,"kind":"click","url":"http://localhost:3000/admin/import","viewport":{"width":1246,"height":678},"payload":{"target":{"tag":"button","id":"radix-_r_0_-trigger-jbis","name":null,"type":null,"role":"tab","ariaLabel":null,"testId":null,"dataLoc":"client/src/pages/AdminImport.tsx:85","href":null,"text":"JBISインポート","selectorHint":"[data-loc=\"client/src/pages/AdminImport.tsx:85\"]"},"x":851,"y":160}}
[2026-03-03T12:11:55.033Z] {"timestamp":1772539914402,"kind":"focusout","url":"http://localhost:3000/admin/import","viewport":{"width":1246,"height":678},"payload":{"target":{"tag":"button","id":"radix-_r_0_-trigger-jbis","name":null,"type":null,"role":"tab","ariaLabel":null,"testId":null,"dataLoc":"client/src/pages/AdminImport.tsx:85","href":null,"text":"JBISインポート","selectorHint":"[data-loc=\"client/src/pages/AdminImport.tsx:85\"]"},"value":null}}
[2026-03-03T12:12:14.000Z] {"timestamp":1772539932472,"kind":"focusin","url":"http://localhost:3000/admin/import","viewport":{"width":1246,"height":678},"payload":{"target":{"tag":"button","id":"radix-_r_0_-trigger-jbis","name":null,"type":null,"role":"tab","ariaLabel":null,"testId":null,"dataLoc":"client/src/pages/AdminImport.tsx:85","href":null,"text":"JBISインポート","selectorHint":"[data-loc=\"client/src/pages/AdminImport.tsx:85\"]"}}}
[2026-03-03T12:12:15.999Z] {"timestamp":1772539934710,"kind":"scroll","url":"http://localhost:3000/admin/import","viewport":{"width":1246,"height":678},"payload":{"scrollX":0,"scrollY":5,"documentHeight":886,"viewportHeight":678}}
[2026-03-03T12:12:15.999Z] {"timestamp":1772539935542,"kind":"scroll","url":"http://localhost:3000/admin/import","viewport":{"width":1246,"height":678},"payload":{"scrollX":0,"scrollY":196,"documentHeight":886,"viewportHeight":678}}
[2026-03-03T12:12:18.006Z] {"timestamp":1772539937513,"kind":"focusout","url":"http://localhost:3000/admin/import","viewport":{"width":1246,"height":678},"payload":{"target":{"tag":"button","id":"radix-_r_0_-trigger-jbis","name":null,"type":null,"role":"tab","ariaLabel":null,"testId":null,"dataLoc":"client/src/pages/AdminImport.tsx:85","href":null,"text":"JBISインポート","selectorHint":"[data-loc=\"client/src/pages/AdminImport.tsx:85\"]"},"value":null}}
[2026-03-03T12:12:23.852Z] {"timestamp":1772539942567,"kind":"focusin","url":"http://localhost:3000/","viewport":{"width":1246,"height":678},"payload":{"target":{"tag":"button","id":null,"name":null,"type":null,"role":null,"ariaLabel":null,"testId":null,"dataLoc":"client/src/pages/Landing.tsx:49","href":null,"text":"上場馬一覧","selectorHint":"[data-loc=\"client/src/pages/Landing.tsx:49\"]"}}}
[2026-03-03T12:12:23.852Z] {"timestamp":1772539942648,"kind":"click","url":"http://localhost:3000/","viewport":{"width":1246,"height":678},"payload":{"target":{"tag":"button","id":null,"name":null,"type":null,"role":null,"ariaLabel":null,"testId":null,"dataLoc":"client/src/pages/Landing.tsx:49","href":null,"text":"上場馬一覧","selectorHint":"[data-loc=\"client/src/pages/Landing.tsx:49\"]"},"x":652,"y":33}}
[2026-03-03T12:12:23.852Z] {"timestamp":1772539942649,"kind":"navigate","url":"http://localhost:3000/horses","viewport":{"width":1246,"height":678},"payload":{"reason":"pushState"}}
[2026-03-03T12:12:28.114Z] {"timestamp":1772539946827,"kind":"scroll","url":"http://localhost:3000/horses","viewport":{"width":1246,"height":678},"payload":{"scrollX":0,"scrollY":1,"documentHeight":107194,"viewportHeight":678}}
[2026-03-03T12:12:30.112Z] {"timestamp":1772539949116,"kind":"focusin","url":"http://localhost:3000/horses","viewport":{"width":1246,"height":678},"payload":{"target":{"tag":"button","id":null,"name":null,"type":null,"role":null,"ariaLabel":null,"testId":null,"dataLoc":"client/src/pages/Horses.tsx:299","href":null,"text":"詳細","selectorHint":"[data-loc=\"client/src/pages/Horses.tsx:299\"]"}}}
[2026-03-03T12:12:30.112Z] {"timestamp":1772539949247,"kind":"click","url":"http://localhost:3000/horses","viewport":{"width":1246,"height":678},"payload":{"target":{"tag":"button","id":null,"name":null,"type":null,"role":null,"ariaLabel":null,"testId":null,"dataLoc":"client/src/pages/Horses.tsx:299","href":null,"text":"詳細","selectorHint":"[data-loc=\"client/src/pages/Horses.tsx:299\"]"},"x":1145,"y":226}}
[2026-03-03T12:12:30.112Z] {"timestamp":1772539949248,"kind":"navigate","url":"http://localhost:3000/horses/2926","viewport":{"width":1246,"height":678},"payload":{"reason":"pushState"}}
[2026-03-03T12:12:30.112Z] {"timestamp":1772539949307,"kind":"scroll","url":"http://localhost:3000/horses/2926","viewport":{"width":1246,"height":678},"payload":{"scrollX":0,"scrollY":0,"documentHeight":678,"viewportHeight":678}}
[2026-03-03T12:12:38.388Z] {"timestamp":1772539957784,"kind":"click","url":"http://localhost:3000/horses/2926","viewport":{"width":1246,"height":678},"payload":{"target":{"tag":"pre","id":null,"name":null,"type":null,"role":null,"ariaLabel":null,"testId":null,"dataLoc":"client/src/components/ErrorBoundary.tsx:37","href":null,"text":"updateWorkInProgressHook@http://localhost:3000/@fs/Users/yum.ishii/seri_viewer/n…","selectorHint":"[data-loc=\"client/src/components/ErrorBoundary.tsx:37\"]"},"x":608,"y":334}}
[2026-03-03T12:12:38.388Z] {"timestamp":1772539958109,"kind":"scroll","url":"http://localhost:3000/horses/2926","viewport":{"width":1246,"height":678},"payload":{"scrollX":0,"scrollY":1,"documentHeight":1360,"viewportHeight":678}}
[2026-03-03T12:12:40.390Z] {"timestamp":1772539960030,"kind":"click","url":"http://localhost:3000/horses/2926","viewport":{"width":1246,"height":678},"payload":{"target":{"tag":"pre","id":null,"name":null,"type":null,"role":null,"ariaLabel":null,"testId":null,"dataLoc":"client/src/components/ErrorBoundary.tsx:37","href":null,"text":"updateWorkInProgressHook@http://localhost:3000/@fs/Users/yum.ishii/seri_viewer/n…","selectorHint":"[data-loc=\"client/src/components/ErrorBoundary.tsx:37\"]"},"x":586,"y":526}}
[2026-03-03T12:12:42.444Z] {"timestamp":1772539960492,"kind":"scroll","url":"http://localhost:3000/horses/2926","viewport":{"width":1246,"height":678},"payload":{"scrollX":0,"scrollY":677.5,"documentHeight":1360,"viewportHeight":678}}
[2026-03-03T12:12:44.452Z] {"timestamp":1772539963084,"kind":"click","url":"http://localhost:3000/horses/2926","viewport":{"width":1246,"height":678},"payload":{"target":{"tag":"div","id":null,"name":null,"type":null,"role":null,"ariaLabel":null,"testId":null,"dataLoc":"client/src/components/ErrorBoundary.tsx:28","href":null,"text":"An unexpected error occurred. updateWorkInProgressHook@http://localhost:3000/@fs…","selectorHint":"[data-loc=\"client/src/components/ErrorBoundary.tsx:28\"]"},"x":725,"y":416}}
[2026-03-03T12:12:44.452Z] {"timestamp":1772539963346,"kind":"scroll","url":"http://localhost:3000/horses/2926","viewport":{"width":1246,"height":678},"payload":{"scrollX":0,"scrollY":1,"documentHeight":1360,"viewportHeight":678}}
[2026-03-03T12:12:46.480Z] {"timestamp":1772539964879,"kind":"click","url":"http://localhost:3000/horses/2926","viewport":{"width":1246,"height":678},"payload":{"target":{"tag":"pre","id":null,"name":null,"type":null,"role":null,"ariaLabel":null,"testId":null,"dataLoc":"client/src/components/ErrorBoundary.tsx:37","href":null,"text":"updateWorkInProgressHook@http://localhost:3000/@fs/Users/yum.ishii/seri_viewer/n…","selectorHint":"[data-loc=\"client/src/components/ErrorBoundary.tsx:37\"]"},"x":576,"y":517}}
[2026-03-03T14:19:20.980Z] {"timestamp":1772547559859,"kind":"scroll","url":"http://localhost:3000/horses/2926","viewport":{"width":1246,"height":678},"payload":{"scrollX":0,"scrollY":682.5,"documentHeight":1380,"viewportHeight":678}}
[2026-03-03T14:19:22.913Z] {"timestamp":1772547561394,"kind":"scroll","url":"http://localhost:3000/horses/2926","viewport":{"width":1246,"height":678},"payload":{"scrollX":0,"scrollY":681.5,"documentHeight":1380,"viewportHeight":678}}
[2026-03-03T14:19:22.913Z] {"timestamp":1772547562330,"kind":"scroll","url":"http://localhost:3000/horses/2926","viewport":{"width":1246,"height":678},"payload":{"scrollX":0,"scrollY":0.5,"documentHeight":1380,"viewportHeight":678}}
[2026-03-03T14:19:22.913Z] {"timestamp":1772547562898,"kind":"navigate","url":"http://localhost:3000/horses","viewport":{"width":1246,"height":678},"payload":{"reason":"popstate"}}
[2026-03-03T14:19:22.913Z] {"timestamp":1772547562898,"kind":"scroll","url":"http://localhost:3000/horses","viewport":{"width":1246,"height":678},"payload":{"scrollX":0,"scrollY":223,"documentHeight":1380,"viewportHeight":678}}
[2026-03-03T14:19:30.277Z] {"timestamp":1772547568776,"kind":"scroll","url":"http://localhost:3000/admin/import","viewport":{"width":1246,"height":678},"payload":{"scrollX":0,"scrollY":2,"documentHeight":863,"viewportHeight":678}}
[2026-03-03T14:19:30.277Z] {"timestamp":1772547569384,"kind":"focusin","url":"http://localhost:3000/admin/import","viewport":{"width":1246,"height":678},"payload":{"target":{"tag":"input","id":null,"name":null,"type":"url","role":null,"ariaLabel":null,"testId":null,"dataLoc":"client/src/pages/AdminImport.tsx:95","href":null,"text":"","selectorHint":"[data-loc=\"client/src/pages/AdminImport.tsx:95\"]"}}}
[2026-03-03T14:19:30.277Z] {"timestamp":1772547569531,"kind":"click","url":"http://localhost:3000/admin/import","viewport":{"width":1246,"height":678},"payload":{"target":{"tag":"input","id":null,"name":null,"type":"url","role":null,"ariaLabel":null,"testId":null,"dataLoc":"client/src/pages/AdminImport.tsx:95","href":null,"text":"","selectorHint":"[data-loc=\"client/src/pages/AdminImport.tsx:95\"]"},"x":546,"y":202}}
[2026-03-03T14:19:32.419Z] {"timestamp":1772547570532,"kind":"focusout","url":"http://localhost:3000/admin/import","viewport":{"width":1246,"height":678},"payload":{"target":{"tag":"input","id":null,"name":null,"type":"url","role":null,"ariaLabel":null,"testId":null,"dataLoc":"client/src/pages/AdminImport.tsx:95","href":null,"text":"","selectorHint":"[data-loc=\"client/src/pages/AdminImport.tsx:95\"]"},"value":""}}
[2026-03-03T14:23:02.280Z] {"timestamp":1772547780833,"kind":"focusin","url":"http://localhost:3000/","viewport":{"width":1246,"height":678},"payload":{"target":{"tag":"button","id":null,"name":null,"type":null,"role":null,"ariaLabel":null,"testId":null,"dataLoc":"client/src/pages/Landing.tsx:49","href":null,"text":"上場馬一覧","selectorHint":"[data-loc=\"client/src/pages/Landing.tsx:49\"]"}}}
[2026-03-03T14:23:02.280Z] {"timestamp":1772547780964,"kind":"click","url":"http://localhost:3000/","viewport":{"width":1246,"height":678},"payload":{"target":{"tag":"button","id":null,"name":null,"type":null,"role":null,"ariaLabel":null,"testId":null,"dataLoc":"client/src/pages/Landing.tsx:49","href":null,"text":"上場馬一覧","selectorHint":"[data-loc=\"client/src/pages/Landing.tsx:49\"]"},"x":624,"y":49}}
[2026-03-03T14:23:02.280Z] {"timestamp":1772547780964,"kind":"navigate","url":"http://localhost:3000/horses","viewport":{"width":1246,"height":678},"payload":{"reason":"pushState"}}
[2026-03-03T14:23:06.291Z] {"timestamp":1772547785917,"kind":"focusin","url":"http://localhost:3000/horses","viewport":{"width":1246,"height":678},"payload":{"target":{"tag":"button","id":null,"name":null,"type":null,"role":null,"ariaLabel":null,"testId":null,"dataLoc":"client/src/pages/Horses.tsx:299","href":null,"text":"詳細","selectorHint":"[data-loc=\"client/src/pages/Horses.tsx:299\"]"}}}
[2026-03-03T14:23:06.291Z] {"timestamp":1772547785999,"kind":"click","url":"http://localhost:3000/horses","viewport":{"width":1246,"height":678},"payload":{"target":{"tag":"button","id":null,"name":null,"type":null,"role":null,"ariaLabel":null,"testId":null,"dataLoc":"client/src/pages/Horses.tsx:299","href":null,"text":"詳細","selectorHint":"[data-loc=\"client/src/pages/Horses.tsx:299\"]"},"x":1147,"y":449}}
[2026-03-03T14:23:06.291Z] {"timestamp":1772547786001,"kind":"navigate","url":"http://localhost:3000/horses/2926","viewport":{"width":1246,"height":678},"payload":{"reason":"pushState"}}
[2026-03-03T14:23:14.390Z] {"timestamp":1772547792480,"kind":"click","url":"http://localhost:3000/horses/2926","viewport":{"width":1246,"height":678},"payload":{"target":{"tag":"div","id":null,"name":null,"type":null,"role":null,"ariaLabel":null,"testId":null,"dataLoc":"client/src/components/ErrorBoundary.tsx:28","href":null,"text":"An unexpected error occurred. updateWorkInProgressHook@http://localhost:3000/@fs…","selectorHint":"[data-loc=\"client/src/components/ErrorBoundary.tsx:28\"]"},"x":704,"y":451}}
[2026-03-03T14:23:14.390Z] {"timestamp":1772547792729,"kind":"scroll","url":"http://localhost:3000/horses/2926","viewport":{"width":1246,"height":678},"payload":{"scrollX":0,"scrollY":1,"documentHeight":1360,"viewportHeight":678}}
[2026-03-03T14:23:14.390Z] {"timestamp":1772547793245,"kind":"scroll","url":"http://localhost:3000/horses/2926","viewport":{"width":1246,"height":678},"payload":{"scrollX":0,"scrollY":605,"documentHeight":1360,"viewportHeight":678}}
[2026-03-03T14:23:14.390Z] {"timestamp":1772547794049,"kind":"click","url":"http://localhost:3000/horses/2926","viewport":{"width":1246,"height":678},"payload":{"target":{"tag":"pre","id":null,"name":null,"type":null,"role":null,"ariaLabel":null,"testId":null,"dataLoc":"client/src/components/ErrorBoundary.tsx:37","href":null,"text":"updateWorkInProgressHook@http://localhost:3000/@fs/Users/yum.ishii/seri_viewer/n…","selectorHint":"[data-loc=\"client/src/components/ErrorBoundary.tsx:37\"]"},"x":608,"y":533}}
[2026-03-03T14:23:30.415Z] {"timestamp":1772547808532,"kind":"navigate","url":"http://localhost:3000/horses","viewport":{"width":1246,"height":678},"payload":{"reason":"popstate"}}
[2026-03-03T14:23:30.415Z] {"timestamp":1772547808543,"kind":"scroll","url":"http://localhost:3000/horses","viewport":{"width":1246,"height":678},"payload":{"scrollX":0,"scrollY":0,"documentHeight":1360,"viewportHeight":678}}
[2026-03-03T14:23:30.415Z] {"timestamp":1772547809649,"kind":"navigate","url":"http://localhost:3000/","viewport":{"width":1246,"height":678},"payload":{"reason":"popstate"}}
[2026-03-03T14:28:32.287Z] {"timestamp":1772548110952,"kind":"focusin","url":"http://localhost:3000/","viewport":{"width":1246,"height":678},"payload":{"target":{"tag":"button","id":null,"name":null,"type":null,"role":null,"ariaLabel":null,"testId":null,"dataLoc":"client/src/pages/Landing.tsx:49","href":null,"text":"上場馬一覧","selectorHint":"[data-loc=\"client/src/pages/Landing.tsx:49\"]"}}}
[2026-03-03T14:28:32.287Z] {"timestamp":1772548111065,"kind":"click","url":"http://localhost:3000/","viewport":{"width":1246,"height":678},"payload":{"target":{"tag":"button","id":null,"name":null,"type":null,"role":null,"ariaLabel":null,"testId":null,"dataLoc":"client/src/pages/Landing.tsx:49","href":null,"text":"上場馬一覧","selectorHint":"[data-loc=\"client/src/pages/Landing.tsx:49\"]"},"x":657,"y":38}}
[2026-03-03T14:28:32.287Z] {"timestamp":1772548111066,"kind":"navigate","url":"http://localhost:3000/horses","viewport":{"width":1246,"height":678},"payload":{"reason":"pushState"}}
[2026-03-03T14:28:38.384Z] {"timestamp":1772548116586,"kind":"focusin","url":"http://localhost:3000/horses","viewport":{"width":1246,"height":678},"payload":{"target":{"tag":"button","id":null,"name":null,"type":null,"role":null,"ariaLabel":null,"testId":null,"dataLoc":"client/src/pages/Horses.tsx:299","href":null,"text":"詳細","selectorHint":"[data-loc=\"client/src/pages/Horses.tsx:299\"]"}}}
[2026-03-03T14:28:38.384Z] {"timestamp":1772548116718,"kind":"click","url":"http://localhost:3000/horses","viewport":{"width":1246,"height":678},"payload":{"target":{"tag":"button","id":null,"name":null,"type":null,"role":null,"ariaLabel":null,"testId":null,"dataLoc":"client/src/pages/Horses.tsx:299","href":null,"text":"詳細","selectorHint":"[data-loc=\"client/src/pages/Horses.tsx:299\"]"},"x":1149,"y":443}}
[2026-03-03T14:28:38.384Z] {"timestamp":1772548116720,"kind":"navigate","url":"http://localhost:3000/horses/2926","viewport":{"width":1246,"height":678},"payload":{"reason":"pushState"}}
[2026-03-03T14:28:42.408Z] {"timestamp":1772548121899,"kind":"click","url":"http://localhost:3000/horses/2926","viewport":{"width":1246,"height":678},"payload":{"target":{"tag":"div","id":null,"name":null,"type":null,"role":null,"ariaLabel":null,"testId":null,"dataLoc":"client/src/components/ErrorBoundary.tsx:28","href":null,"text":"An unexpected error occurred. updateWorkInProgressHook@http://localhost:3000/@fs…","selectorHint":"[data-loc=\"client/src/components/ErrorBoundary.tsx:28\"]"},"x":777,"y":567}}
[2026-03-03T14:28:42.408Z] {"timestamp":1772548122097,"kind":"scroll","url":"http://localhost:3000/horses/2926","viewport":{"width":1246,"height":678},"payload":{"scrollX":0,"scrollY":1,"documentHeight":1360,"viewportHeight":678}}
[2026-03-03T14:28:44.427Z] {"timestamp":1772548123432,"kind":"click","url":"http://localhost:3000/horses/2926","viewport":{"width":1246,"height":678},"payload":{"target":{"tag":"pre","id":null,"name":null,"type":null,"role":null,"ariaLabel":null,"testId":null,"dataLoc":"client/src/components/ErrorBoundary.tsx:37","href":null,"text":"updateWorkInProgressHook@http://localhost:3000/@fs/Users/yum.ishii/seri_viewer/n…","selectorHint":"[data-loc=\"client/src/components/ErrorBoundary.tsx:37\"]"},"x":599,"y":538}}
[2026-03-03T14:40:28.738Z] {"timestamp":1772548828464,"kind":"focusin","url":"http://localhost:3000/","viewport":{"width":1246,"height":678},"payload":{"target":{"tag":"button","id":null,"name":null,"type":null,"role":null,"ariaLabel":null,"testId":null,"dataLoc":"client/src/pages/Landing.tsx:49","href":null,"text":"上場馬一覧","selectorHint":"[data-loc=\"client/src/pages/Landing.tsx:49\"]"}}}
[2026-03-03T14:40:28.738Z] {"timestamp":1772548828596,"kind":"click","url":"http://localhost:3000/","viewport":{"width":1246,"height":678},"payload":{"target":{"tag":"button","id":null,"name":null,"type":null,"role":null,"ariaLabel":null,"testId":null,"dataLoc":"client/src/pages/Landing.tsx:49","href":null,"text":"上場馬一覧","selectorHint":"[data-loc=\"client/src/pages/Landing.tsx:49\"]"},"x":637,"y":36}}
[2026-03-03T14:40:28.738Z] {"timestamp":1772548828597,"kind":"navigate","url":"http://localhost:3000/horses","viewport":{"width":1246,"height":678},"payload":{"reason":"pushState"}}
[2026-03-03T14:40:34.793Z] {"timestamp":1772548834117,"kind":"focusin","url":"http://localhost:3000/horses","viewport":{"width":1246,"height":678},"payload":{"target":{"tag":"button","id":null,"name":null,"type":null,"role":null,"ariaLabel":null,"testId":null,"dataLoc":"client/src/pages/Horses.tsx:299","href":null,"text":"詳細","selectorHint":"[data-loc=\"client/src/pages/Horses.tsx:299\"]"}}}
[2026-03-03T14:40:34.793Z] {"timestamp":1772548834235,"kind":"click","url":"http://localhost:3000/horses","viewport":{"width":1246,"height":678},"payload":{"target":{"tag":"button","id":null,"name":null,"type":null,"role":null,"ariaLabel":null,"testId":null,"dataLoc":"client/src/pages/Horses.tsx:299","href":null,"text":"詳細","selectorHint":"[data-loc=\"client/src/pages/Horses.tsx:299\"]"},"x":1153,"y":453}}
[2026-03-03T14:40:34.793Z] {"timestamp":1772548834236,"kind":"navigate","url":"http://localhost:3000/horses/2926","viewport":{"width":1246,"height":678},"payload":{"reason":"pushState"}}
[2026-03-03T14:40:41.022Z] {"timestamp":1772548839995,"kind":"click","url":"http://localhost:3000/horses/2926","viewport":{"width":1246,"height":678},"payload":{"target":{"tag":"div","id":null,"name":null,"type":null,"role":null,"ariaLabel":null,"testId":null,"dataLoc":"client/src/components/ErrorBoundary.tsx:28","href":null,"text":"An unexpected error occurred. updateWorkInProgressHook@http://localhost:3000/@fs…","selectorHint":"[data-loc=\"client/src/components/ErrorBoundary.tsx:28\"]"},"x":658,"y":443}}
[2026-03-03T14:40:41.022Z] {"timestamp":1772548840212,"kind":"scroll","url":"http://localhost:3000/horses/2926","viewport":{"width":1246,"height":678},"payload":{"scrollX":0,"scrollY":1,"documentHeight":1360,"viewportHeight":678}}
[2026-03-03T14:40:41.022Z] {"timestamp":1772548840911,"kind":"scroll","url":"http://localhost:3000/horses/2926","viewport":{"width":1246,"height":678},"payload":{"scrollX":0,"scrollY":616,"documentHeight":1360,"viewportHeight":678}}
[2026-03-03T14:40:43.175Z] {"timestamp":1772548841847,"kind":"click","url":"http://localhost:3000/horses/2926","viewport":{"width":1246,"height":678},"payload":{"target":{"tag":"pre","id":null,"name":null,"type":null,"role":null,"ariaLabel":null,"testId":null,"dataLoc":"client/src/components/ErrorBoundary.tsx:37","href":null,"text":"updateWorkInProgressHook@http://localhost:3000/@fs/Users/yum.ishii/seri_viewer/n…","selectorHint":"[data-loc=\"client/src/components/ErrorBoundary.tsx:37\"]"},"x":573,"y":541}}
[2026-03-03T14:45:54.870Z] {"timestamp":1772549153249,"kind":"focusin","url":"http://localhost:3000/","viewport":{"width":1246,"height":678},"payload":{"target":{"tag":"button","id":null,"name":null,"type":null,"role":null,"ariaLabel":null,"testId":null,"dataLoc":"client/src/pages/Landing.tsx:49","href":null,"text":"上場馬一覧","selectorHint":"[data-loc=\"client/src/pages/Landing.tsx:49\"]"}}}
[2026-03-03T14:45:54.870Z] {"timestamp":1772549153346,"kind":"click","url":"http://localhost:3000/","viewport":{"width":1246,"height":678},"payload":{"target":{"tag":"button","id":null,"name":null,"type":null,"role":null,"ariaLabel":null,"testId":null,"dataLoc":"client/src/pages/Landing.tsx:49","href":null,"text":"上場馬一覧","selectorHint":"[data-loc=\"client/src/pages/Landing.tsx:49\"]"},"x":633,"y":36}}
[2026-03-03T14:45:54.870Z] {"timestamp":1772549153346,"kind":"navigate","url":"http://localhost:3000/horses","viewport":{"width":1246,"height":678},"payload":{"reason":"pushState"}}
[2026-03-03T14:46:01.110Z] {"timestamp":1772549159114,"kind":"focusin","url":"http://localhost:3000/horses","viewport":{"width":1246,"height":678},"payload":{"target":{"tag":"button","id":null,"name":null,"type":null,"role":null,"ariaLabel":null,"testId":null,"dataLoc":"client/src/pages/Horses.tsx:299","href":null,"text":"詳細","selectorHint":"[data-loc=\"client/src/pages/Horses.tsx:299\"]"}}}
[2026-03-03T14:46:01.111Z] {"timestamp":1772549159237,"kind":"click","url":"http://localhost:3000/horses","viewport":{"width":1246,"height":678},"payload":{"target":{"tag":"button","id":null,"name":null,"type":null,"role":null,"ariaLabel":null,"testId":null,"dataLoc":"client/src/pages/Horses.tsx:299","href":null,"text":"詳細","selectorHint":"[data-loc=\"client/src/pages/Horses.tsx:299\"]"},"x":1172,"y":456}}
[2026-03-03T14:46:01.111Z] {"timestamp":1772549159238,"kind":"navigate","url":"http://localhost:3000/horses/2926","viewport":{"width":1246,"height":678},"payload":{"reason":"pushState"}}
[2026-03-03T14:46:07.156Z] {"timestamp":1772549165715,"kind":"click","url":"http://localhost:3000/horses/2926","viewport":{"width":1246,"height":678},"payload":{"target":{"tag":"div","id":null,"name":null,"type":null,"role":null,"ariaLabel":null,"testId":null,"dataLoc":"client/src/components/ErrorBoundary.tsx:28","href":null,"text":"An unexpected error occurred. updateWorkInProgressHook@http://localhost:3000/@fs…","selectorHint":"[data-loc=\"client/src/components/ErrorBoundary.tsx:28\"]"},"x":637,"y":529}}
[2026-03-03T14:46:07.156Z] {"timestamp":1772549165930,"kind":"scroll","url":"http://localhost:3000/horses/2926","viewport":{"width":1246,"height":678},"payload":{"scrollX":0,"scrollY":1,"documentHeight":1360,"viewportHeight":678}}
[2026-03-03T14:46:07.156Z] {"timestamp":1772549166595,"kind":"scroll","url":"http://localhost:3000/horses/2926","viewport":{"width":1246,"height":678},"payload":{"scrollX":0,"scrollY":575,"documentHeight":1360,"viewportHeight":678}}
[2026-03-03T14:46:09.170Z] {"timestamp":1772549167447,"kind":"click","url":"http://localhost:3000/horses/2926","viewport":{"width":1246,"height":678},"payload":{"target":{"tag":"pre","id":null,"name":null,"type":null,"role":null,"ariaLabel":null,"testId":null,"dataLoc":"client/src/components/ErrorBoundary.tsx:37","href":null,"text":"updateWorkInProgressHook@http://localhost:3000/@fs/Users/yum.ishii/seri_viewer/n…","selectorHint":"[data-loc=\"client/src/components/ErrorBoundary.tsx:37\"]"},"x":560,"y":517}}
[2026-03-03T14:46:59.485Z] {"timestamp":1772549218285,"kind":"navigate","url":"http://localhost:3000/horses","viewport":{"width":1246,"height":678},"payload":{"reason":"popstate"}}
[2026-03-03T14:46:59.485Z] {"timestamp":1772549218286,"kind":"scroll","url":"http://localhost:3000/horses","viewport":{"width":1246,"height":678},"payload":{"scrollX":0,"scrollY":0,"documentHeight":1360,"viewportHeight":678}}
[2026-03-03T14:49:09.634Z] {"timestamp":1772549347681,"kind":"focusin","url":"http://localhost:3000/horses","viewport":{"width":1246,"height":678},"payload":{"target":{"tag":"button","id":null,"name":null,"type":null,"role":null,"ariaLabel":null,"testId":null,"dataLoc":"client/src/pages/Horses.tsx:299","href":null,"text":"詳細","selectorHint":"[data-loc=\"client/src/pages/Horses.tsx:299\"]"}}}
[2026-03-03T14:49:09.634Z] {"timestamp":1772549347779,"kind":"click","url":"http://localhost:3000/horses","viewport":{"width":1246,"height":678},"payload":{"target":{"tag":"button","id":null,"name":null,"type":null,"role":null,"ariaLabel":null,"testId":null,"dataLoc":"client/src/pages/Horses.tsx:299","href":null,"text":"詳細","selectorHint":"[data-loc=\"client/src/pages/Horses.tsx:299\"]"},"x":1159,"y":443}}
[2026-03-03T14:49:09.634Z] {"timestamp":1772549347780,"kind":"navigate","url":"http://localhost:3000/horses/2926","viewport":{"width":1246,"height":678},"payload":{"reason":"pushState"}}
[2026-03-03T14:49:13.695Z] {"timestamp":1772549352714,"kind":"navigate","url":"http://localhost:3000/horses","viewport":{"width":1246,"height":678},"payload":{"reason":"popstate"}}
[2026-03-03T14:49:15.746Z] {"timestamp":1772549355538,"kind":"navigate","url":"http://localhost:3000/","viewport":{"width":1246,"height":678},"payload":{"reason":"popstate"}}
[2026-03-03T14:49:18.612Z] {"timestamp":1772549357792,"kind":"scroll","url":"http://localhost:3000/horses/2926","viewport":{"width":1246,"height":678},"payload":{"scrollX":0,"scrollY":663,"documentHeight":1360,"viewportHeight":678}}
[2026-03-03T14:49:20.607Z] {"timestamp":1772549359620,"kind":"navigate","url":"http://localhost:3000/horses","viewport":{"width":1246,"height":678},"payload":{"reason":"popstate"}}
[2026-03-03T14:49:20.607Z] {"timestamp":1772549359621,"kind":"scroll","url":"http://localhost:3000/horses","viewport":{"width":1246,"height":678},"payload":{"scrollX":0,"scrollY":0,"documentHeight":1360,"viewportHeight":678}}
[2026-03-03T14:49:20.607Z] {"timestamp":1772549360308,"kind":"navigate","url":"http://localhost:3000/","viewport":{"width":1246,"height":678},"payload":{"reason":"popstate"}}
[2026-03-03T14:49:25.853Z] {"timestamp":1772549363949,"kind":"focusin","url":"http://localhost:3000/","viewport":{"width":1246,"height":678},"payload":{"target":{"tag":"button","id":null,"name":null,"type":null,"role":null,"ariaLabel":null,"testId":null,"dataLoc":"client/src/pages/Landing.tsx:72","href":null,"text":"管理者メニュー","selectorHint":"[data-loc=\"client/src/pages/Landing.tsx:72\"]"}}}
[2026-03-03T14:49:25.853Z] {"timestamp":1772549364048,"kind":"click","url":"http://localhost:3000/","viewport":{"width":1246,"height":678},"payload":{"target":{"tag":"button","id":null,"name":null,"type":null,"role":null,"ariaLabel":null,"testId":null,"dataLoc":"client/src/pages/Landing.tsx:72","href":null,"text":"管理者メニュー","selectorHint":"[data-loc=\"client/src/pages/Landing.tsx:72\"]"},"x":886,"y":45}}
[2026-03-03T14:49:25.853Z] {"timestamp":1772549364048,"kind":"navigate","url":"http://localhost:3000/admin/import","viewport":{"width":1246,"height":678},"payload":{"reason":"pushState"}}
[2026-03-03T14:49:29.868Z] {"timestamp":1772549369403,"kind":"focusin","url":"http://localhost:3000/admin/import","viewport":{"width":1246,"height":678},"payload":{"target":{"tag":"input","id":null,"name":null,"type":"url","role":null,"ariaLabel":null,"testId":null,"dataLoc":"client/src/pages/AdminImport.tsx:95","href":null,"text":"","selectorHint":"[data-loc=\"client/src/pages/AdminImport.tsx:95\"]"}}}
[2026-03-03T14:49:29.868Z] {"timestamp":1772549369497,"kind":"click","url":"http://localhost:3000/admin/import","viewport":{"width":1246,"height":678},"payload":{"target":{"tag":"input","id":null,"name":null,"type":"url","role":null,"ariaLabel":null,"testId":null,"dataLoc":"client/src/pages/AdminImport.tsx:95","href":null,"text":"","selectorHint":"[data-loc=\"client/src/pages/AdminImport.tsx:95\"]"},"x":566,"y":278}}
[2026-03-03T14:49:37.902Z] {"timestamp":1772549376319,"kind":"change","url":"http://localhost:3000/admin/import","viewport":{"width":1246,"height":678},"payload":{"target":{"tag":"input","id":null,"name":null,"type":"url","role":null,"ariaLabel":null,"testId":null,"dataLoc":"client/src/pages/AdminImport.tsx:95","href":null,"text":"","selectorHint":"[data-loc=\"client/src/pages/AdminImport.tsx:95\"]"},"value":"https://wmp512t973.user-space.cdn.idcfcloud.net/catalog/20250801/index_all250818.html"}}
[2026-03-03T14:49:37.902Z] {"timestamp":1772549376319,"kind":"focusout","url":"http://localhost:3000/admin/import","viewport":{"width":1246,"height":678},"payload":{"target":{"tag":"input","id":null,"name":null,"type":"url","role":null,"ariaLabel":null,"testId":null,"dataLoc":"client/src/pages/AdminImport.tsx:95","href":null,"text":"","selectorHint":"[data-loc=\"client/src/pages/AdminImport.tsx:95\"]"},"value":"https://wmp512t973.user-space.cdn.idcfcloud.net/catalog/20250801/index_all250818.html"}}
[2026-03-03T14:49:44.017Z] {"timestamp":1772549382010,"kind":"focusin","url":"http://localhost:3000/admin/import","viewport":{"width":1246,"height":678},"payload":{"target":{"tag":"input","id":null,"name":null,"type":"url","role":null,"ariaLabel":null,"testId":null,"dataLoc":"client/src/pages/AdminImport.tsx:95","href":null,"text":"","selectorHint":"[data-loc=\"client/src/pages/AdminImport.tsx:95\"]"}}}
[2026-03-03T14:49:44.017Z] {"timestamp":1772549382633,"kind":"focusout","url":"http://localhost:3000/admin/import","viewport":{"width":1246,"height":678},"payload":{"target":{"tag":"input","id":null,"name":null,"type":"url","role":null,"ariaLabel":null,"testId":null,"dataLoc":"client/src/pages/AdminImport.tsx:95","href":null,"text":"","selectorHint":"[data-loc=\"client/src/pages/AdminImport.tsx:95\"]"},"value":"https://wmp512t973.user-space.cdn.idcfcloud.net/catalog/20250801/index_all250818.html"}}
[2026-03-03T14:49:44.017Z] {"timestamp":1772549382639,"kind":"focusin","url":"http://localhost:3000/admin/import","viewport":{"width":1246,"height":678},"payload":{"target":{"tag":"textarea","id":null,"name":null,"type":null,"role":null,"ariaLabel":null,"testId":null,"dataLoc":"client/src/pages/AdminImport.tsx:113","href":null,"text":"","selectorHint":"[data-loc=\"client/src/pages/AdminImport.tsx:113\"]"}}}
[2026-03-03T14:49:44.017Z] {"timestamp":1772549382729,"kind":"click","url":"http://localhost:3000/admin/import","viewport":{"width":1246,"height":678},"payload":{"target":{"tag":"textarea","id":null,"name":null,"type":null,"role":null,"ariaLabel":null,"testId":null,"dataLoc":"client/src/pages/AdminImport.tsx:113","href":null,"text":"","selectorHint":"[data-loc=\"client/src/pages/AdminImport.tsx:113\"]"},"x":449,"y":459}}
[2026-03-03T14:49:55.182Z] {"timestamp":1772549384315,"kind":"change","url":"http://localhost:3000/admin/import","viewport":{"width":1246,"height":678},"payload":{"target":{"tag":"textarea","id":null,"name":null,"type":null,"role":null,"ariaLabel":null,"testId":null,"dataLoc":"client/src/pages/AdminImport.tsx:113","href":null,"text":"https://w2.hba.or.jp/upload/1ce8de6cf8804f14a89b6158b3dedb55/00306eaaad213bdcf3c…","selectorHint":"[data-loc=\"client/src/pages/AdminImport.tsx:113\"]"},"value":"https://w2.hba.or.jp/upload/1ce8de6cf8804f14a89b6158b3dedb55/00306eaaad213bdcf3ce05da27fbf5d2.pdf\nhttps://w2.hba.or.jp/upload/1bb1dd14cc682ae38f32c2db37a28c9a/d65f979d2da9144d79365b709e3a7585.pdf\nhttp…"}}
[2026-03-03T14:49:55.182Z] {"timestamp":1772549384315,"kind":"focusout","url":"http://localhost:3000/admin/import","viewport":{"width":1246,"height":678},"payload":{"target":{"tag":"textarea","id":null,"name":null,"type":null,"role":null,"ariaLabel":null,"testId":null,"dataLoc":"client/src/pages/AdminImport.tsx:113","href":null,"text":"https://w2.hba.or.jp/upload/1ce8de6cf8804f14a89b6158b3dedb55/00306eaaad213bdcf3c…","selectorHint":"[data-loc=\"client/src/pages/AdminImport.tsx:113\"]"},"value":"https://w2.hba.or.jp/upload/1ce8de6cf8804f14a89b6158b3dedb55/00306eaaad213bdcf3ce05da27fbf5d2.pdf\nhttps://w2.hba.or.jp/upload/1bb1dd14cc682ae38f32c2db37a28c9a/d65f979d2da9144d79365b709e3a7585.pdf\nhttp…"}}
[2026-03-03T14:49:55.182Z] {"timestamp":1772549384315,"kind":"focusin","url":"http://localhost:3000/admin/import","viewport":{"width":1246,"height":678},"payload":{"target":{"tag":"button","id":null,"name":null,"type":null,"role":null,"ariaLabel":null,"testId":null,"dataLoc":"client/src/pages/AdminImport.tsx:159","href":null,"text":"データを取り込む","selectorHint":"[data-loc=\"client/src/pages/AdminImport.tsx:159\"]"}}}
[2026-03-03T14:49:55.182Z] {"timestamp":1772549384415,"kind":"click","url":"http://localhost:3000/admin/import","viewport":{"width":1246,"height":678},"payload":{"target":{"tag":"button","id":null,"name":null,"type":null,"role":null,"ariaLabel":null,"testId":null,"dataLoc":"client/src/pages/AdminImport.tsx:159","href":null,"text":"データを取り込む","selectorHint":"[data-loc=\"client/src/pages/AdminImport.tsx:159\"]"},"x":393,"y":645}}
[2026-03-03T14:49:55.182Z] {"timestamp":1772549384425,"kind":"focusout","url":"http://localhost:3000/admin/import","viewport":{"width":1246,"height":678},"payload":{"target":{"tag":"button","id":null,"name":null,"type":null,"role":null,"ariaLabel":null,"testId":null,"dataLoc":"client/src/pages/AdminImport.tsx:159","href":null,"text":"データを取り込み中...","selectorHint":"[data-loc=\"client/src/pages/AdminImport.tsx:159\"]"},"value":null}}
[2026-03-03T14:50:18.100Z] {"timestamp":1772549417658,"kind":"focusin","url":"http://localhost:3000/admin/import","viewport":{"width":1246,"height":678},"payload":{"target":{"tag":"button","id":"radix-_r_0_-trigger-jbis","name":null,"type":null,"role":"tab","ariaLabel":null,"testId":null,"dataLoc":"client/src/pages/AdminImport.tsx:85","href":null,"text":"JBISインポート","selectorHint":"[data-loc=\"client/src/pages/AdminImport.tsx:85\"]"}}}
[2026-03-03T14:50:18.100Z] {"timestamp":1772549417744,"kind":"click","url":"http://localhost:3000/admin/import","viewport":{"width":1246,"height":678},"payload":{"target":{"tag":"button","id":"radix-_r_0_-trigger-jbis","name":null,"type":null,"role":"tab","ariaLabel":null,"testId":null,"dataLoc":"client/src/pages/AdminImport.tsx:85","href":null,"text":"JBISインポート","selectorHint":"[data-loc=\"client/src/pages/AdminImport.tsx:85\"]"},"x":726,"y":150}}
[2026-03-03T14:50:20.109Z] {"timestamp":1772549419142,"kind":"focusout","url":"http://localhost:3000/admin/import","viewport":{"width":1246,"height":678},"payload":{"target":{"tag":"button","id":"radix-_r_0_-trigger-jbis","name":null,"type":null,"role":"tab","ariaLabel":null,"testId":null,"dataLoc":"client/src/pages/AdminImport.tsx:85","href":null,"text":"JBISインポート","selectorHint":"[data-loc=\"client/src/pages/AdminImport.tsx:85\"]"},"value":null}}
[2026-03-03T14:50:24.113Z] {"timestamp":1772549422610,"kind":"focusin","url":"http://localhost:3000/admin/import","viewport":{"width":1246,"height":678},"payload":{"target":{"tag":"button","id":"radix-_r_0_-trigger-jbis","name":null,"type":null,"role":"tab","ariaLabel":null,"testId":null,"dataLoc":"client/src/pages/AdminImport.tsx:85","href":null,"text":"JBISインポート","selectorHint":"[data-loc=\"client/src/pages/AdminImport.tsx:85\"]"}}}
[2026-03-03T14:50:24.113Z] {"timestamp":1772549422617,"kind":"focusout","url":"http://localhost:3000/admin/import","viewport":{"width":1246,"height":678},"payload":{"target":{"tag":"button","id":"radix-_r_0_-trigger-jbis","name":null,"type":null,"role":"tab","ariaLabel":null,"testId":null,"dataLoc":"client/src/pages/AdminImport.tsx:85","href":null,"text":"JBISインポート","selectorHint":"[data-loc=\"client/src/pages/AdminImport.tsx:85\"]"},"value":null}}
[2026-03-03T14:50:36.136Z] {"timestamp":1772549435055,"kind":"focusin","url":"http://localhost:3000/admin/import","viewport":{"width":1246,"height":678},"payload":{"target":{"tag":"button","id":"radix-_r_0_-trigger-jbis","name":null,"type":null,"role":"tab","ariaLabel":null,"testId":null,"dataLoc":"client/src/pages/AdminImport.tsx:85","href":null,"text":"JBISインポート","selectorHint":"[data-loc=\"client/src/pages/AdminImport.tsx:85\"]"}}}
[2026-03-03T14:50:38.142Z] {"timestamp":1772549436182,"kind":"focusout","url":"http://localhost:3000/admin/import","viewport":{"width":1246,"height":678},"payload":{"target":{"tag":"button","id":"radix-_r_0_-trigger-jbis","name":null,"type":null,"role":"tab","ariaLabel":null,"testId":null,"dataLoc":"client/src/pages/AdminImport.tsx:85","href":null,"text":"JBISインポート","selectorHint":"[data-loc=\"client/src/pages/AdminImport.tsx:85\"]"},"value":null}}
[2026-03-03T14:50:38.142Z] {"timestamp":1772549436184,"kind":"focusin","url":"http://localhost:3000/admin/import","viewport":{"width":1246,"height":678},"payload":{"target":{"tag":"input","id":null,"name":null,"type":"url","role":null,"ariaLabel":null,"testId":null,"dataLoc":"client/src/components/JbisImportForm.tsx:114","href":null,"text":"","selectorHint":"[data-loc=\"client/src/components/JbisImportForm.tsx:114\"]"}}}
[2026-03-03T14:50:38.142Z] {"timestamp":1772549436295,"kind":"click","url":"http://localhost:3000/admin/import","viewport":{"width":1246,"height":678},"payload":{"target":{"tag":"input","id":null,"name":null,"type":"url","role":null,"ariaLabel":null,"testId":null,"dataLoc":"client/src/components/JbisImportForm.tsx:114","href":null,"text":"","selectorHint":"[data-loc=\"client/src/components/JbisImportForm.tsx:114\"]"},"x":547,"y":397}}
[2026-03-03T14:50:38.142Z] {"timestamp":1772549437732,"kind":"change","url":"http://localhost:3000/admin/import","viewport":{"width":1246,"height":678},"payload":{"target":{"tag":"input","id":null,"name":null,"type":"url","role":null,"ariaLabel":null,"testId":null,"dataLoc":"client/src/components/JbisImportForm.tsx:114","href":null,"text":"","selectorHint":"[data-loc=\"client/src/components/JbisImportForm.tsx:114\"]"},"value":"https://www.jbis.or.jp/seri/2025/11B3/sale/"}}
[2026-03-03T14:50:38.142Z] {"timestamp":1772549437733,"kind":"focusout","url":"http://localhost:3000/admin/import","viewport":{"width":1246,"height":678},"payload":{"target":{"tag":"input","id":null,"name":null,"type":"url","role":null,"ariaLabel":null,"testId":null,"dataLoc":"client/src/components/JbisImportForm.tsx:114","href":null,"text":"","selectorHint":"[data-loc=\"client/src/components/JbisImportForm.tsx:114\"]"},"value":"https://www.jbis.or.jp/seri/2025/11B3/sale/"}}
[2026-03-03T14:50:38.142Z] {"timestamp":1772549437735,"kind":"focusin","url":"http://localhost:3000/admin/import","viewport":{"width":1246,"height":678},"payload":{"target":{"tag":"button","id":null,"name":null,"type":null,"role":null,"ariaLabel":null,"testId":null,"dataLoc":"client/src/components/JbisImportForm.tsx:122","href":null,"text":"インポート実行","selectorHint":"[data-loc=\"client/src/components/JbisImportForm.tsx:122\"]"}}}
[2026-03-03T14:50:38.142Z] {"timestamp":1772549437831,"kind":"click","url":"http://localhost:3000/admin/import","viewport":{"width":1246,"height":678},"payload":{"target":{"tag":"button","id":null,"name":null,"type":null,"role":null,"ariaLabel":null,"testId":null,"dataLoc":"client/src/components/JbisImportForm.tsx:122","href":null,"text":"インポート実行","selectorHint":"[data-loc=\"client/src/components/JbisImportForm.tsx:122\"]"},"x":300,"y":460}}
[2026-03-03T14:50:38.142Z] {"timestamp":1772549437838,"kind":"focusout","url":"http://localhost:3000/admin/import","viewport":{"width":1246,"height":678},"payload":{"target":{"tag":"button","id":null,"name":null,"type":null,"role":null,"ariaLabel":null,"testId":null,"dataLoc":"client/src/components/JbisImportForm.tsx:122","href":null,"text":"インポート中...","selectorHint":"[data-loc=\"client/src/components/JbisImportForm.tsx:122\"]"},"value":null}}
[2026-03-03T14:50:40.141Z] {"timestamp":1772549438859,"kind":"scroll","url":"http://localhost:3000/admin/import","viewport":{"width":1246,"height":678},"payload":{"scrollX":0,"scrollY":1,"documentHeight":886,"viewportHeight":678}}
[2026-03-03T15:28:26.971Z] {"timestamp":1772551706964,"kind":"scroll","url":"http://localhost:3000/admin/import","viewport":{"width":1246,"height":678},"payload":{"scrollX":0,"scrollY":185,"documentHeight":863,"viewportHeight":678}}
[2026-03-03T15:33:18.703Z] {"timestamp":1772551997952,"kind":"scroll","url":"http://localhost:3000/admin/import","viewport":{"width":1246,"height":678},"payload":{"scrollX":0,"scrollY":184,"documentHeight":863,"viewportHeight":678}}
[2026-03-03T15:33:25.197Z] {"timestamp":1772552004111,"kind":"focusin","url":"http://localhost:3000/","viewport":{"width":1246,"height":678},"payload":{"target":{"tag":"button","id":null,"name":null,"type":null,"role":null,"ariaLabel":null,"testId":null,"dataLoc":"client/src/pages/Landing.tsx:49","href":null,"text":"上場馬一覧","selectorHint":"[data-loc=\"client/src/pages/Landing.tsx:49\"]"}}}
[2026-03-03T15:33:25.197Z] {"timestamp":1772552004207,"kind":"click","url":"http://localhost:3000/","viewport":{"width":1246,"height":678},"payload":{"target":{"tag":"button","id":null,"name":null,"type":null,"role":null,"ariaLabel":null,"testId":null,"dataLoc":"client/src/pages/Landing.tsx:49","href":null,"text":"上場馬一覧","selectorHint":"[data-loc=\"client/src/pages/Landing.tsx:49\"]"},"x":652,"y":39}}
[2026-03-03T15:33:25.197Z] {"timestamp":1772552004208,"kind":"navigate","url":"http://localhost:3000/horses","viewport":{"width":1246,"height":678},"payload":{"reason":"pushState"}}
[2026-03-03T15:33:35.251Z] {"timestamp":1772552014393,"kind":"focusin","url":"http://localhost:3000/horses","viewport":{"width":1246,"height":678},"payload":{"target":{"tag":"button","id":null,"name":null,"type":null,"role":null,"ariaLabel":null,"testId":null,"dataLoc":"client/src/pages/Horses.tsx:299","href":null,"text":"詳細","selectorHint":"[data-loc=\"client/src/pages/Horses.tsx:299\"]"}}}
[2026-03-03T15:33:35.251Z] {"timestamp":1772552014523,"kind":"click","url":"http://localhost:3000/horses","viewport":{"width":1246,"height":678},"payload":{"target":{"tag":"button","id":null,"name":null,"type":null,"role":null,"ariaLabel":null,"testId":null,"dataLoc":"client/src/pages/Horses.tsx:299","href":null,"text":"詳細","selectorHint":"[data-loc=\"client/src/pages/Horses.tsx:299\"]"},"x":1150,"y":517}}
[2026-03-03T15:33:35.251Z] {"timestamp":1772552014524,"kind":"navigate","url":"http://localhost:3000/horses/4389","viewport":{"width":1246,"height":678},"payload":{"reason":"pushState"}}
[2026-03-03T15:33:41.464Z] {"timestamp":1772552020776,"kind":"click","url":"http://localhost:3000/horses/4389","viewport":{"width":1246,"height":678},"payload":{"target":{"tag":"pre","id":null,"name":null,"type":null,"role":null,"ariaLabel":null,"testId":null,"dataLoc":"client/src/components/ErrorBoundary.tsx:37","href":null,"text":"updateWorkInProgressHook@http://localhost:3000/@fs/Users/yum.ishii/seri_viewer/n…","selectorHint":"[data-loc=\"client/src/components/ErrorBoundary.tsx:37\"]"},"x":828,"y":568}}
[2026-03-03T15:33:41.464Z] {"timestamp":1772552021053,"kind":"scroll","url":"http://localhost:3000/horses/4389","viewport":{"width":1246,"height":678},"payload":{"scrollX":0,"scrollY":1,"documentHeight":1360,"viewportHeight":678}}
[2026-03-03T15:33:43.475Z] {"timestamp":1772552021606,"kind":"scroll","url":"http://localhost:3000/horses/4389","viewport":{"width":1246,"height":678},"payload":{"scrollX":0,"scrollY":233,"documentHeight":1360,"viewportHeight":678}}
[2026-03-03T15:37:17.012Z] {"timestamp":1772552236812,"kind":"focusin","url":"http://localhost:3000/horses/","viewport":{"width":1246,"height":678},"payload":{"target":{"tag":"button","id":null,"name":null,"type":null,"role":null,"ariaLabel":null,"testId":null,"dataLoc":"client/src/pages/Horses.tsx:299","href":null,"text":"詳細","selectorHint":"[data-loc=\"client/src/pages/Horses.tsx:299\"]"}}}
[2026-03-03T15:37:17.012Z] {"timestamp":1772552236943,"kind":"click","url":"http://localhost:3000/horses/","viewport":{"width":1246,"height":678},"payload":{"target":{"tag":"button","id":null,"name":null,"type":null,"role":null,"ariaLabel":null,"testId":null,"dataLoc":"client/src/pages/Horses.tsx:299","href":null,"text":"詳細","selectorHint":"[data-loc=\"client/src/pages/Horses.tsx:299\"]"},"x":1149,"y":440}}
[2026-03-03T15:37:17.012Z] {"timestamp":1772552236944,"kind":"navigate","url":"http://localhost:3000/horses/4388","viewport":{"width":1246,"height":678},"payload":{"reason":"pushState"}}
[2026-03-03T15:57:50.917Z] {"timestamp":1772553469574,"kind":"scroll","url":"http://localhost:3000/horses/4388","viewport":{"width":1246,"height":678},"payload":{"scrollX":0,"scrollY":1,"documentHeight":1991,"viewportHeight":678}}
[2026-03-03T15:57:50.917Z] {"timestamp":1772553470077,"kind":"scroll","url":"http://localhost:3000/horses/4388","viewport":{"width":1246,"height":678},"payload":{"scrollX":0,"scrollY":175,"documentHeight":1991,"viewportHeight":678}}
[2026-03-03T15:57:52.915Z] {"timestamp":1772553471011,"kind":"scroll","url":"http://localhost:3000/horses/4388","viewport":{"width":1246,"height":678},"payload":{"scrollX":0,"scrollY":373,"documentHeight":1991,"viewportHeight":678}}
[2026-03-03T15:57:54.954Z] {"timestamp":1772553472943,"kind":"scroll","url":"http://localhost:3000/horses/4388","viewport":{"width":1246,"height":678},"payload":{"scrollX":0,"scrollY":556,"documentHeight":1991,"viewportHeight":678}}
[2026-03-03T15:57:56.970Z] {"timestamp":1772553476018,"kind":"focusin","url":"http://localhost:3000/horses/4388","viewport":{"width":1246,"height":678},"payload":{"target":{"tag":"button","id":null,"name":null,"type":null,"role":null,"ariaLabel":null,"testId":null,"dataLoc":"client/src/pages/HorseDetail.tsx:332","href":null,"text":"一覧に戻る","selectorHint":"[data-loc=\"client/src/pages/HorseDetail.tsx:332\"]"}}}
[2026-03-03T15:57:56.971Z] {"timestamp":1772553476129,"kind":"click","url":"http://localhost:3000/horses/4388","viewport":{"width":1246,"height":678},"payload":{"target":{"tag":"button","id":null,"name":null,"type":null,"role":null,"ariaLabel":null,"testId":null,"dataLoc":"client/src/pages/HorseDetail.tsx:332","href":null,"text":"一覧に戻る","selectorHint":"[data-loc=\"client/src/pages/HorseDetail.tsx:332\"]"},"x":1121,"y":57}}
[2026-03-03T15:57:56.971Z] {"timestamp":1772553476131,"kind":"navigate","url":"http://localhost:3000/horses","viewport":{"width":1246,"height":678},"payload":{"reason":"pushState"}}
[2026-03-03T15:58:01.004Z] {"timestamp":1772553480209,"kind":"scroll","url":"http://localhost:3000/horses","viewport":{"width":1246,"height":678},"payload":{"scrollX":0,"scrollY":2,"documentHeight":107194,"viewportHeight":678}}
[2026-03-03T15:58:03.022Z] {"timestamp":1772553482912,"kind":"scroll","url":"http://localhost:3000/horses","viewport":{"width":1246,"height":678},"payload":{"scrollX":0,"scrollY":261,"documentHeight":107194,"viewportHeight":678}}
[2026-03-03T15:58:05.032Z] {"timestamp":1772553483709,"kind":"scroll","url":"http://localhost:3000/horses","viewport":{"width":1246,"height":678},"payload":{"scrollX":0,"scrollY":263,"documentHeight":107194,"viewportHeight":678}}
[2026-03-03T15:58:05.032Z] {"timestamp":1772553484224,"kind":"scroll","url":"http://localhost:3000/horses","viewport":{"width":1246,"height":678},"payload":{"scrollX":0,"scrollY":412,"documentHeight":107194,"viewportHeight":678}}
[2026-03-03T15:58:07.054Z] {"timestamp":1772553486128,"kind":"focusin","url":"http://localhost:3000/horses","viewport":{"width":1246,"height":678},"payload":{"target":{"tag":"button","id":null,"name":null,"type":null,"role":null,"ariaLabel":null,"testId":null,"dataLoc":"client/src/pages/Horses.tsx:299","href":null,"text":"詳細","selectorHint":"[data-loc=\"client/src/pages/Horses.tsx:299\"]"}}}
[2026-03-03T15:58:07.054Z] {"timestamp":1772553486296,"kind":"click","url":"http://localhost:3000/horses","viewport":{"width":1246,"height":678},"payload":{"target":{"tag":"button","id":null,"name":null,"type":null,"role":null,"ariaLabel":null,"testId":null,"dataLoc":"client/src/pages/Horses.tsx:299","href":null,"text":"詳細","selectorHint":"[data-loc=\"client/src/pages/Horses.tsx:299\"]"},"x":1177,"y":274}}
[2026-03-03T15:58:07.054Z] {"timestamp":1772553486297,"kind":"navigate","url":"http://localhost:3000/horses/4392","viewport":{"width":1246,"height":678},"payload":{"reason":"pushState"}}
[2026-03-03T15:58:07.054Z] {"timestamp":1772553486358,"kind":"scroll","url":"http://localhost:3000/horses/4392","viewport":{"width":1246,"height":678},"payload":{"scrollX":0,"scrollY":0,"documentHeight":678,"viewportHeight":678}}
[2026-03-03T15:58:17.220Z] {"timestamp":1772553495974,"kind":"scroll","url":"http://localhost:3000/horses/4392","viewport":{"width":1246,"height":678},"payload":{"scrollX":0,"scrollY":1,"documentHeight":1991,"viewportHeight":678}}
[2026-03-03T15:58:19.224Z] {"timestamp":1772553497276,"kind":"scroll","url":"http://localhost:3000/horses/4392","viewport":{"width":1246,"height":678},"payload":{"scrollX":0,"scrollY":174,"documentHeight":1991,"viewportHeight":678}}
[2026-03-03T15:58:27.365Z] {"timestamp":1772553507173,"kind":"scroll","url":"http://localhost:3000/horses/4392","viewport":{"width":1246,"height":678},"payload":{"scrollX":0,"scrollY":1,"documentHeight":1991,"viewportHeight":678}}
[2026-03-03T15:58:29.395Z] {"timestamp":1772553508547,"kind":"click","url":"http://localhost:3000/horses/4392","viewport":{"width":1246,"height":678},"payload":{"target":{"tag":"div","id":null,"name":null,"type":null,"role":null,"ariaLabel":null,"testId":null,"dataLoc":"client/src/pages/HorseDetail.tsx:585","href":null,"text":"+1点","selectorHint":"[data-loc=\"client/src/pages/HorseDetail.tsx:585\"]"},"x":982,"y":354}}
[2026-03-03T15:58:29.395Z] {"timestamp":1772553509382,"kind":"focusin","url":"http://localhost:3000/horses/4392","viewport":{"width":1246,"height":678},"payload":{"target":{"tag":"button","id":null,"name":null,"type":null,"role":"checkbox","ariaLabel":null,"testId":null,"dataLoc":"client/src/pages/HorseDetail.tsx:573","href":null,"text":"","selectorHint":"[data-loc=\"client/src/pages/HorseDetail.tsx:573\"]"}}}
[2026-03-03T15:58:31.463Z] {"timestamp":1772553509496,"kind":"click","url":"http://localhost:3000/horses/4392","viewport":{"width":1246,"height":678},"payload":{"target":{"tag":"button","id":null,"name":null,"type":null,"role":"checkbox","ariaLabel":null,"testId":null,"dataLoc":"client/src/pages/HorseDetail.tsx:573","href":null,"text":"","selectorHint":"[data-loc=\"client/src/pages/HorseDetail.tsx:573\"]"},"x":882,"y":352}}
[2026-03-03T15:58:31.463Z] {"timestamp":1772553510465,"kind":"focusout","url":"http://localhost:3000/horses/4392","viewport":{"width":1246,"height":678},"payload":{"target":{"tag":"button","id":null,"name":null,"type":null,"role":"checkbox","ariaLabel":null,"testId":null,"dataLoc":"client/src/pages/HorseDetail.tsx:573","href":null,"text":"","selectorHint":"[data-loc=\"client/src/pages/HorseDetail.tsx:573\"]"},"value":null}}
[2026-03-03T15:58:31.463Z] {"timestamp":1772553510466,"kind":"focusin","url":"http://localhost:3000/horses/4392","viewport":{"width":1246,"height":678},"payload":{"target":{"tag":"button","id":null,"name":null,"type":null,"role":null,"ariaLabel":null,"testId":null,"dataLoc":"client/src/pages/HorseDetail.tsx:606","href":null,"text":"評価・メモを保存","selectorHint":"[data-loc=\"client/src/pages/HorseDetail.tsx:606\"]"}}}
[2026-03-03T15:58:31.463Z] {"timestamp":1772553510577,"kind":"click","url":"http://localhost:3000/horses/4392","viewport":{"width":1246,"height":678},"payload":{"target":{"tag":"button","id":null,"name":null,"type":null,"role":null,"ariaLabel":null,"testId":null,"dataLoc":"client/src/pages/HorseDetail.tsx:606","href":null,"text":"評価・メモを保存","selectorHint":"[data-loc=\"client/src/pages/HorseDetail.tsx:606\"]"},"x":950,"y":445}}
[2026-03-03T15:58:33.470Z] {"timestamp":1772553513364,"kind":"focusout","url":"http://localhost:3000/horses/4392","viewport":{"width":1246,"height":678},"payload":{"target":{"tag":"button","id":null,"name":null,"type":null,"role":null,"ariaLabel":null,"testId":null,"dataLoc":"client/src/pages/HorseDetail.tsx:606","href":null,"text":"評価・メモを保存","selectorHint":"[data-loc=\"client/src/pages/HorseDetail.tsx:606\"]"},"value":null}}
[2026-03-03T15:58:33.470Z] {"timestamp":1772553513364,"kind":"focusin","url":"http://localhost:3000/horses/4392","viewport":{"width":1246,"height":678},"payload":{"target":{"tag":"button","id":null,"name":null,"type":null,"role":null,"ariaLabel":null,"testId":null,"dataLoc":"client/src/pages/HorseDetail.tsx:309","href":null,"text":"▶","selectorHint":"[data-loc=\"client/src/pages/HorseDetail.tsx:309\"]"}}}
[2026-03-03T15:58:35.473Z] {"timestamp":1772553513499,"kind":"click","url":"http://localhost:3000/horses/4392","viewport":{"width":1246,"height":678},"payload":{"target":{"tag":"button","id":null,"name":null,"type":null,"role":null,"ariaLabel":null,"testId":null,"dataLoc":"client/src/pages/HorseDetail.tsx:309","href":null,"text":"▶","selectorHint":"[data-loc=\"client/src/pages/HorseDetail.tsx:309\"]"},"x":1185,"y":380}}
[2026-03-03T15:58:35.473Z] {"timestamp":1772553514599,"kind":"navigate","url":"http://localhost:3000/horses/4393","viewport":{"width":1246,"height":678},"payload":{"reason":"pushState"}}
[2026-03-03T15:58:35.473Z] {"timestamp":1772553514640,"kind":"scroll","url":"http://localhost:3000/horses/4393","viewport":{"width":1246,"height":678},"payload":{"scrollX":0,"scrollY":0,"documentHeight":678,"viewportHeight":678}}
[2026-03-03T15:59:04.054Z] {"timestamp":1772553543862,"kind":"click","url":"http://localhost:3000/horses/4393","viewport":{"width":1246,"height":678},"payload":{"target":{"tag":"div","id":null,"name":null,"type":null,"role":null,"ariaLabel":null,"testId":null,"dataLoc":"client/src/components/ImageCarousel.tsx:17","href":null,"text":"画像が登録されていません","selectorHint":"[data-loc=\"client/src/components/ImageCarousel.tsx:17\"]"},"x":522,"y":271}}
[2026-03-03T16:04:52.561Z] {"timestamp":1772553891898,"kind":"scroll","url":"http://localhost:3000/horses/4393","viewport":{"width":1246,"height":678},"payload":{"scrollX":0,"scrollY":1,"documentHeight":1991,"viewportHeight":678}}
[2026-03-03T16:04:55.354Z] {"timestamp":1772553893882,"kind":"focusin","url":"http://localhost:3000/horses/4393","viewport":{"width":1246,"height":678},"payload":{"target":{"tag":"a","id":null,"name":null,"type":null,"role":null,"ariaLabel":null,"testId":null,"dataLoc":"client/src/pages/HorseDetail.tsx:470","href":"https://www.jbis.or.jp/horse/0001264840/","text":"JBIS","selectorHint":"[data-loc=\"client/src/pages/HorseDetail.tsx:470\"]"}}}
[2026-03-03T16:04:55.354Z] {"timestamp":1772553894011,"kind":"click","url":"http://localhost:3000/horses/4393","viewport":{"width":1246,"height":678},"payload":{"target":{"tag":"a","id":null,"name":null,"type":null,"role":null,"ariaLabel":null,"testId":null,"dataLoc":"client/src/pages/HorseDetail.tsx:470","href":"https://www.jbis.or.jp/horse/0001264840/","text":"JBIS","selectorHint":"[data-loc=\"client/src/pages/HorseDetail.tsx:470\"]"},"x":754,"y":410}}
[2026-03-03T16:04:55.354Z] {"timestamp":1772553894018,"kind":"focusout","url":"http://localhost:3000/horses/4393","viewport":{"width":1246,"height":678},"payload":{"target":{"tag":"a","id":null,"name":null,"type":null,"role":null,"ariaLabel":null,"testId":null,"dataLoc":"client/src/pages/HorseDetail.tsx:470","href":"https://www.jbis.or.jp/horse/0001264840/","text":"JBIS","selectorHint":"[data-loc=\"client/src/pages/HorseDetail.tsx:470\"]"},"value":null}}
[2026-03-03T16:04:57.420Z] {"timestamp":1772553896531,"kind":"focusin","url":"http://localhost:3000/horses/4393","viewport":{"width":1246,"height":678},"payload":{"target":{"tag":"a","id":null,"name":null,"type":null,"role":null,"ariaLabel":null,"testId":null,"dataLoc":"client/src/pages/HorseDetail.tsx:470","href":"https://www.jbis.or.jp/horse/0001264840/","text":"JBIS","selectorHint":"[data-loc=\"client/src/pages/HorseDetail.tsx:470\"]"}}}
[2026-03-03T16:05:03.652Z] {"timestamp":1772553901604,"kind":"focusout","url":"http://localhost:3000/horses/4393","viewport":{"width":1246,"height":678},"payload":{"target":{"tag":"a","id":null,"name":null,"type":null,"role":null,"ariaLabel":null,"testId":null,"dataLoc":"client/src/pages/HorseDetail.tsx:470","href":"https://www.jbis.or.jp/horse/0001264840/","text":"JBIS","selectorHint":"[data-loc=\"client/src/pages/HorseDetail.tsx:470\"]"},"value":null}}
[2026-03-03T16:05:23.668Z] {"timestamp":1772553921661,"kind":"focusin","url":"http://localhost:3000/horses/4393","viewport":{"width":1246,"height":678},"payload":{"target":{"tag":"a","id":null,"name":null,"type":null,"role":null,"ariaLabel":null,"testId":null,"dataLoc":"client/src/pages/HorseDetail.tsx:470","href":"https://www.jbis.or.jp/horse/0001264840/","text":"JBIS","selectorHint":"[data-loc=\"client/src/pages/HorseDetail.tsx:470\"]"}}}
[2026-03-03T16:05:23.668Z] {"timestamp":1772553922358,"kind":"scroll","url":"http://localhost:3000/horses/4393","viewport":{"width":1246,"height":678},"payload":{"scrollX":0,"scrollY":446,"documentHeight":1991,"viewportHeight":678}}
[2026-03-03T16:05:27.689Z] {"timestamp":1772553927399,"kind":"focusout","url":"http://localhost:3000/horses/4393","viewport":{"width":1246,"height":678},"payload":{"target":{"tag":"a","id":null,"name":null,"type":null,"role":null,"ariaLabel":null,"testId":null,"dataLoc":"client/src/pages/HorseDetail.tsx:470","href":"https://www.jbis.or.jp/horse/0001264840/","text":"JBIS","selectorHint":"[data-loc=\"client/src/pages/HorseDetail.tsx:470\"]"},"value":null}}
[2026-03-03T16:05:27.689Z] {"timestamp":1772553927400,"kind":"focusin","url":"http://localhost:3000/horses/4393","viewport":{"width":1246,"height":678},"payload":{"target":{"tag":"button","id":null,"name":null,"type":null,"role":null,"ariaLabel":null,"testId":null,"dataLoc":"client/src/pages/HorseDetail.tsx:332","href":null,"text":"一覧に戻る","selectorHint":"[data-loc=\"client/src/pages/HorseDetail.tsx:332\"]"}}}
[2026-03-03T16:05:27.689Z] {"timestamp":1772553927550,"kind":"click","url":"http://localhost:3000/horses/4393","viewport":{"width":1246,"height":678},"payload":{"target":{"tag":"button","id":null,"name":null,"type":null,"role":null,"ariaLabel":null,"testId":null,"dataLoc":"client/src/pages/HorseDetail.tsx:332","href":null,"text":"一覧に戻る","selectorHint":"[data-loc=\"client/src/pages/HorseDetail.tsx:332\"]"},"x":1128,"y":64}}
[2026-03-03T16:05:27.689Z] {"timestamp":1772553927553,"kind":"navigate","url":"http://localhost:3000/horses","viewport":{"width":1246,"height":678},"payload":{"reason":"pushState"}}
[2026-03-03T16:05:29.695Z] {"timestamp":1772553928336,"kind":"focusin","url":"http://localhost:3000/horses","viewport":{"width":1246,"height":678},"payload":{"target":{"tag":"button","id":null,"name":null,"type":null,"role":null,"ariaLabel":null,"testId":null,"dataLoc":"client/src/pages/Horses.tsx:114","href":null,"text":"ホームに戻る","selectorHint":"[data-loc=\"client/src/pages/Horses.tsx:114\"]"}}}
[2026-03-03T16:05:29.695Z] {"timestamp":1772553928449,"kind":"click","url":"http://localhost:3000/horses","viewport":{"width":1246,"height":678},"payload":{"target":{"tag":"button","id":null,"name":null,"type":null,"role":null,"ariaLabel":null,"testId":null,"dataLoc":"client/src/pages/Horses.tsx:114","href":null,"text":"ホームに戻る","selectorHint":"[data-loc=\"client/src/pages/Horses.tsx:114\"]"},"x":1128,"y":64}}
[2026-03-03T16:05:29.695Z] {"timestamp":1772553928450,"kind":"navigate","url":"http://localhost:3000/","viewport":{"width":1246,"height":678},"payload":{"reason":"pushState"}}
[2026-03-03T16:05:31.699Z] {"timestamp":1772553929993,"kind":"scroll","url":"http://localhost:3000/","viewport":{"width":1246,"height":678},"payload":{"scrollX":0,"scrollY":2,"documentHeight":1507,"viewportHeight":678}}
[2026-03-03T16:05:31.699Z] {"timestamp":1772553930742,"kind":"scroll","url":"http://localhost:3000/","viewport":{"width":1246,"height":678},"payload":{"scrollX":0,"scrollY":487,"documentHeight":1507,"viewportHeight":678}}
[2026-03-03T16:05:33.700Z] {"timestamp":1772553932925,"kind":"scroll","url":"http://localhost:3000/","viewport":{"width":1246,"height":678},"payload":{"scrollX":0,"scrollY":663,"documentHeight":1507,"viewportHeight":678}}
[2026-03-03T16:05:33.701Z] {"timestamp":1772553933659,"kind":"scroll","url":"http://localhost:3000/","viewport":{"width":1246,"height":678},"payload":{"scrollX":0,"scrollY":828.5,"documentHeight":1507,"viewportHeight":678}}
[2026-03-03T16:05:35.703Z] {"timestamp":1772553934175,"kind":"scroll","url":"http://localhost:3000/","viewport":{"width":1246,"height":678},"payload":{"scrollX":0,"scrollY":472.5,"documentHeight":1507,"viewportHeight":678}}
[2026-03-03T16:05:35.704Z] {"timestamp":1772553934676,"kind":"scroll","url":"http://localhost:3000/","viewport":{"width":1246,"height":678},"payload":{"scrollX":0,"scrollY":19.5,"documentHeight":1507,"viewportHeight":678}}
[2026-03-03T16:05:37.712Z] {"timestamp":1772553935866,"kind":"focusin","url":"http://localhost:3000/","viewport":{"width":1246,"height":678},"payload":{"target":{"tag":"button","id":null,"name":null,"type":null,"role":null,"ariaLabel":null,"testId":null,"dataLoc":"client/src/pages/Landing.tsx:72","href":null,"text":"管理者メニュー","selectorHint":"[data-loc=\"client/src/pages/Landing.tsx:72\"]"}}}
[2026-03-03T16:05:37.712Z] {"timestamp":1772553935980,"kind":"click","url":"http://localhost:3000/","viewport":{"width":1246,"height":678},"payload":{"target":{"tag":"button","id":null,"name":null,"type":null,"role":null,"ariaLabel":null,"testId":null,"dataLoc":"client/src/pages/Landing.tsx:72","href":null,"text":"管理者メニュー","selectorHint":"[data-loc=\"client/src/pages/Landing.tsx:72\"]"},"x":873,"y":30}}
[2026-03-03T16:05:37.712Z] {"timestamp":1772553935981,"kind":"navigate","url":"http://localhost:3000/admin/import","viewport":{"width":1246,"height":678},"payload":{"reason":"pushState"}}
[2026-03-03T16:05:44.680Z] {"timestamp":1772553943101,"kind":"focusin","url":"http://localhost:3000/admin/import","viewport":{"width":1246,"height":678},"payload":{"target":{"tag":"input","id":null,"name":null,"type":"url","role":null,"ariaLabel":null,"testId":null,"dataLoc":"client/src/pages/AdminImport.tsx:95","href":null,"text":"","selectorHint":"[data-loc=\"client/src/pages/AdminImport.tsx:95\"]"}}}
[2026-03-03T16:05:44.680Z] {"timestamp":1772553943198,"kind":"click","url":"http://localhost:3000/admin/import","viewport":{"width":1246,"height":678},"payload":{"target":{"tag":"input","id":null,"name":null,"type":"url","role":null,"ariaLabel":null,"testId":null,"dataLoc":"client/src/pages/AdminImport.tsx:95","href":null,"text":"","selectorHint":"[data-loc=\"client/src/pages/AdminImport.tsx:95\"]"},"x":578,"y":287}}
[2026-03-03T16:05:46.683Z] {"timestamp":1772553946071,"kind":"change","url":"http://localhost:3000/admin/import","viewport":{"width":1246,"height":678},"payload":{"target":{"tag":"input","id":null,"name":null,"type":"url","role":null,"ariaLabel":null,"testId":null,"dataLoc":"client/src/pages/AdminImport.tsx:95","href":null,"text":"","selectorHint":"[data-loc=\"client/src/pages/AdminImport.tsx:95\"]"},"value":"https://wmp512t973.user-space.cdn.idcfcloud.net/catalog/20250801/index_all250818.html"}}
[2026-03-03T16:05:46.683Z] {"timestamp":1772553946071,"kind":"focusout","url":"http://localhost:3000/admin/import","viewport":{"width":1246,"height":678},"payload":{"target":{"tag":"input","id":null,"name":null,"type":"url","role":null,"ariaLabel":null,"testId":null,"dataLoc":"client/src/pages/AdminImport.tsx:95","href":null,"text":"","selectorHint":"[data-loc=\"client/src/pages/AdminImport.tsx:95\"]"},"value":"https://wmp512t973.user-space.cdn.idcfcloud.net/catalog/20250801/index_all250818.html"}}
[2026-03-03T16:05:50.722Z] {"timestamp":1772553949222,"kind":"focusin","url":"http://localhost:3000/admin/import","viewport":{"width":1246,"height":678},"payload":{"target":{"tag":"input","id":null,"name":null,"type":"url","role":null,"ariaLabel":null,"testId":null,"dataLoc":"client/src/pages/AdminImport.tsx:95","href":null,"text":"","selectorHint":"[data-loc=\"client/src/pages/AdminImport.tsx:95\"]"}}}
[2026-03-03T16:05:50.722Z] {"timestamp":1772553949848,"kind":"focusout","url":"http://localhost:3000/admin/import","viewport":{"width":1246,"height":678},"payload":{"target":{"tag":"input","id":null,"name":null,"type":"url","role":null,"ariaLabel":null,"testId":null,"dataLoc":"client/src/pages/AdminImport.tsx:95","href":null,"text":"","selectorHint":"[data-loc=\"client/src/pages/AdminImport.tsx:95\"]"},"value":"https://wmp512t973.user-space.cdn.idcfcloud.net/catalog/20250801/index_all250818.html"}}
[2026-03-03T16:05:50.722Z] {"timestamp":1772553949854,"kind":"focusin","url":"http://localhost:3000/admin/import","viewport":{"width":1246,"height":678},"payload":{"target":{"tag":"textarea","id":null,"name":null,"type":null,"role":null,"ariaLabel":null,"testId":null,"dataLoc":"client/src/pages/AdminImport.tsx:113","href":null,"text":"","selectorHint":"[data-loc=\"client/src/pages/AdminImport.tsx:113\"]"}}}
[2026-03-03T16:05:50.722Z] {"timestamp":1772553949961,"kind":"click","url":"http://localhost:3000/admin/import","viewport":{"width":1246,"height":678},"payload":{"target":{"tag":"textarea","id":null,"name":null,"type":null,"role":null,"ariaLabel":null,"testId":null,"dataLoc":"client/src/pages/AdminImport.tsx:113","href":null,"text":"","selectorHint":"[data-loc=\"client/src/pages/AdminImport.tsx:113\"]"},"x":478,"y":505}}
[2026-03-03T16:05:54.708Z] {"timestamp":1772553953825,"kind":"scroll","url":"http://localhost:3000/admin/import","viewport":{"width":1246,"height":678},"payload":{"scrollX":0,"scrollY":1,"documentHeight":883,"viewportHeight":678}}
[2026-03-03T16:06:00.889Z] {"timestamp":1772553958997,"kind":"click","url":"http://localhost:3000/admin/import","viewport":{"width":1246,"height":678},"payload":{"target":{"tag":"textarea","id":null,"name":null,"type":null,"role":null,"ariaLabel":null,"testId":null,"dataLoc":"client/src/pages/AdminImport.tsx:113","href":null,"text":"https://w2.hba.or.jp/upload/1ce8de6cf8804f14a89b6158b3dedb55/00306eaaad213bdcf3c…","selectorHint":"[data-loc=\"client/src/pages/AdminImport.tsx:113\"]"},"x":428,"y":427}}
[2026-03-03T16:06:00.889Z] {"timestamp":1772553960290,"kind":"keydown","url":"http://localhost:3000/admin/import","viewport":{"width":1246,"height":678},"payload":{"key":"[REDACTED]","target":{"tag":"textarea","id":null,"name":null,"type":null,"role":null,"ariaLabel":null,"testId":null,"dataLoc":"client/src/pages/AdminImport.tsx:113","href":null,"text":"https://w2.hba.or.jp/upload/1ce8de6cf8804f14a89b6158b3dedb55/00306eaaad213bdcf3c…","selectorHint":"[data-loc=\"client/src/pages/AdminImport.tsx:113\"]"}}}
[2026-03-03T16:06:02.878Z] {"timestamp":1772553962078,"kind":"click","url":"http://localhost:3000/admin/import","viewport":{"width":1246,"height":678},"payload":{"target":{"tag":"textarea","id":null,"name":null,"type":null,"role":null,"ariaLabel":null,"testId":null,"dataLoc":"client/src/pages/AdminImport.tsx:113","href":null,"text":"https://w2.hba.or.jp/upload/1ce8de6cf8804f14a89b6158b3dedb55/00306eaaad213bdcf3c…","selectorHint":"[data-loc=\"client/src/pages/AdminImport.tsx:113\"]"},"x":420,"y":386}}
[2026-03-03T16:06:02.878Z] {"timestamp":1772553962697,"kind":"keydown","url":"http://localhost:3000/admin/import","viewport":{"width":1246,"height":678},"payload":{"key":"[REDACTED]","target":{"tag":"textarea","id":null,"name":null,"type":null,"role":null,"ariaLabel":null,"testId":null,"dataLoc":"client/src/pages/AdminImport.tsx:113","href":null,"text":"https://w2.hba.or.jp/upload/1ce8de6cf8804f14a89b6158b3dedb55/00306eaaad213bdcf3c…","selectorHint":"[data-loc=\"client/src/pages/AdminImport.tsx:113\"]"}}}
[2026-03-03T16:06:04.877Z] {"timestamp":1772553964647,"kind":"click","url":"http://localhost:3000/admin/import","viewport":{"width":1246,"height":678},"payload":{"target":{"tag":"textarea","id":null,"name":null,"type":null,"role":null,"ariaLabel":null,"testId":null,"dataLoc":"client/src/pages/AdminImport.tsx:113","href":null,"text":"https://w2.hba.or.jp/upload/1ce8de6cf8804f14a89b6158b3dedb55/00306eaaad213bdcf3c…","selectorHint":"[data-loc=\"client/src/pages/AdminImport.tsx:113\"]"},"x":475,"y":395}}
[2026-03-03T16:06:06.901Z] {"timestamp":1772553964923,"kind":"keydown","url":"http://localhost:3000/admin/import","viewport":{"width":1246,"height":678},"payload":{"key":"[REDACTED]","target":{"tag":"textarea","id":null,"name":null,"type":null,"role":null,"ariaLabel":null,"testId":null,"dataLoc":"client/src/pages/AdminImport.tsx:113","href":null,"text":"https://w2.hba.or.jp/upload/1ce8de6cf8804f14a89b6158b3dedb55/00306eaaad213bdcf3c…","selectorHint":"[data-loc=\"client/src/pages/AdminImport.tsx:113\"]"}}}
[2026-03-03T16:06:13.214Z] {"timestamp":1772553971779,"kind":"scroll","url":"http://localhost:3000/admin/import","viewport":{"width":1246,"height":678},"payload":{"scrollX":0,"scrollY":77,"documentHeight":883,"viewportHeight":678}}
[2026-03-03T16:06:15.126Z] {"timestamp":1772553973864,"kind":"click","url":"http://localhost:3000/admin/import","viewport":{"width":1246,"height":678},"payload":{"target":{"tag":"textarea","id":null,"name":null,"type":null,"role":null,"ariaLabel":null,"testId":null,"dataLoc":"client/src/pages/AdminImport.tsx:113","href":null,"text":"https://w2.hba.or.jp/upload/1ce8de6cf8804f14a89b6158b3dedb55/00306eaaad213bdcf3c…","selectorHint":"[data-loc=\"client/src/pages/AdminImport.tsx:113\"]"},"x":879,"y":454}}
[2026-03-03T16:06:17.147Z] {"timestamp":1772553975934,"kind":"keydown","url":"http://localhost:3000/admin/import","viewport":{"width":1246,"height":678},"payload":{"key":"[REDACTED]","target":{"tag":"textarea","id":null,"name":null,"type":null,"role":null,"ariaLabel":null,"testId":null,"dataLoc":"client/src/pages/AdminImport.tsx:113","href":null,"text":"https://w2.hba.or.jp/upload/1ce8de6cf8804f14a89b6158b3dedb55/00306eaaad213bdcf3c…","selectorHint":"[data-loc=\"client/src/pages/AdminImport.tsx:113\"]"}}}
[2026-03-03T16:06:19.148Z] {"timestamp":1772553978499,"kind":"click","url":"http://localhost:3000/admin/import","viewport":{"width":1246,"height":678},"payload":{"target":{"tag":"textarea","id":null,"name":null,"type":null,"role":null,"ariaLabel":null,"testId":null,"dataLoc":"client/src/pages/AdminImport.tsx:113","href":null,"text":"https://w2.hba.or.jp/upload/1ce8de6cf8804f14a89b6158b3dedb55/00306eaaad213bdcf3c…","selectorHint":"[data-loc=\"client/src/pages/AdminImport.tsx:113\"]"},"x":630,"y":480}}
[2026-03-03T16:06:19.148Z] {"timestamp":1772553978833,"kind":"keydown","url":"http://localhost:3000/admin/import","viewport":{"width":1246,"height":678},"payload":{"key":"[REDACTED]","target":{"tag":"textarea","id":null,"name":null,"type":null,"role":null,"ariaLabel":null,"testId":null,"dataLoc":"client/src/pages/AdminImport.tsx:113","href":null,"text":"https://w2.hba.or.jp/upload/1ce8de6cf8804f14a89b6158b3dedb55/00306eaaad213bdcf3c…","selectorHint":"[data-loc=\"client/src/pages/AdminImport.tsx:113\"]"}}}
[2026-03-03T16:06:21.160Z] {"timestamp":1772553981079,"kind":"click","url":"http://localhost:3000/admin/import","viewport":{"width":1246,"height":678},"payload":{"target":{"tag":"textarea","id":null,"name":null,"type":null,"role":null,"ariaLabel":null,"testId":null,"dataLoc":"client/src/pages/AdminImport.tsx:113","href":null,"text":"https://w2.hba.or.jp/upload/1ce8de6cf8804f14a89b6158b3dedb55/00306eaaad213bdcf3c…","selectorHint":"[data-loc=\"client/src/pages/AdminImport.tsx:113\"]"},"x":906,"y":430}}
[2026-03-03T16:06:23.188Z] {"timestamp":1772553981330,"kind":"keydown","url":"http://localhost:3000/admin/import","viewport":{"width":1246,"height":678},"payload":{"key":"[REDACTED]","target":{"tag":"textarea","id":null,"name":null,"type":null,"role":null,"ariaLabel":null,"testId":null,"dataLoc":"client/src/pages/AdminImport.tsx:113","href":null,"text":"https://w2.hba.or.jp/upload/1ce8de6cf8804f14a89b6158b3dedb55/00306eaaad213bdcf3c…","selectorHint":"[data-loc=\"client/src/pages/AdminImport.tsx:113\"]"}}}
[2026-03-03T16:06:23.188Z] {"timestamp":1772553982478,"kind":"click","url":"http://localhost:3000/admin/import","viewport":{"width":1246,"height":678},"payload":{"target":{"tag":"textarea","id":null,"name":null,"type":null,"role":null,"ariaLabel":null,"testId":null,"dataLoc":"client/src/pages/AdminImport.tsx:113","href":null,"text":"https://w2.hba.or.jp/upload/1ce8de6cf8804f14a89b6158b3dedb55/00306eaaad213bdcf3c…","selectorHint":"[data-loc=\"client/src/pages/AdminImport.tsx:113\"]"},"x":832,"y":487}}
[2026-03-03T16:06:23.188Z] {"timestamp":1772553982716,"kind":"keydown","url":"http://localhost:3000/admin/import","viewport":{"width":1246,"height":678},"payload":{"key":"[REDACTED]","target":{"tag":"textarea","id":null,"name":null,"type":null,"role":null,"ariaLabel":null,"testId":null,"dataLoc":"client/src/pages/AdminImport.tsx:113","href":null,"text":"https://w2.hba.or.jp/upload/1ce8de6cf8804f14a89b6158b3dedb55/00306eaaad213bdcf3c…","selectorHint":"[data-loc=\"client/src/pages/AdminImport.tsx:113\"]"}}}
[2026-03-03T16:06:25.198Z] {"timestamp":1772553984646,"kind":"click","url":"http://localhost:3000/admin/import","viewport":{"width":1246,"height":678},"payload":{"target":{"tag":"textarea","id":null,"name":null,"type":null,"role":null,"ariaLabel":null,"testId":null,"dataLoc":"client/src/pages/AdminImport.tsx:113","href":null,"text":"https://w2.hba.or.jp/upload/1ce8de6cf8804f14a89b6158b3dedb55/00306eaaad213bdcf3c…","selectorHint":"[data-loc=\"client/src/pages/AdminImport.tsx:113\"]"},"x":875,"y":476}}
[2026-03-03T16:06:25.198Z] {"timestamp":1772553985082,"kind":"keydown","url":"http://localhost:3000/admin/import","viewport":{"width":1246,"height":678},"payload":{"key":"[REDACTED]","target":{"tag":"textarea","id":null,"name":null,"type":null,"role":null,"ariaLabel":null,"testId":null,"dataLoc":"client/src/pages/AdminImport.tsx:113","href":null,"text":"https://w2.hba.or.jp/upload/1ce8de6cf8804f14a89b6158b3dedb55/00306eaaad213bdcf3c…","selectorHint":"[data-loc=\"client/src/pages/AdminImport.tsx:113\"]"}}}
[2026-03-03T16:06:27.225Z] {"timestamp":1772553986526,"kind":"scroll","url":"http://localhost:3000/admin/import","viewport":{"width":1246,"height":678},"payload":{"scrollX":0,"scrollY":1,"documentHeight":883,"viewportHeight":678}}
[2026-03-03T16:06:39.023Z] {"timestamp":1772553987349,"kind":"change","url":"http://localhost:3000/admin/import","viewport":{"width":1246,"height":678},"payload":{"target":{"tag":"textarea","id":null,"name":null,"type":null,"role":null,"ariaLabel":null,"testId":null,"dataLoc":"client/src/pages/AdminImport.tsx:113","href":null,"text":"https://w2.hba.or.jp/upload/1ce8de6cf8804f14a89b6158b3dedb55/00306eaaad213bdcf3c…","selectorHint":"[data-loc=\"client/src/pages/AdminImport.tsx:113\"]"},"value":"https://w2.hba.or.jp/upload/1ce8de6cf8804f14a89b6158b3dedb55/00306eaaad213bdcf3ce05da27fbf5d2.pdf\n\nhttps://w2.hba.or.jp/upload/1bb1dd14cc682ae38f32c2db37a28c9a/d65f979d2da9144d79365b709e3a7585.pdf\n\nht…"}}
[2026-03-03T16:06:39.023Z] {"timestamp":1772553987350,"kind":"focusout","url":"http://localhost:3000/admin/import","viewport":{"width":1246,"height":678},"payload":{"target":{"tag":"textarea","id":null,"name":null,"type":null,"role":null,"ariaLabel":null,"testId":null,"dataLoc":"client/src/pages/AdminImport.tsx:113","href":null,"text":"https://w2.hba.or.jp/upload/1ce8de6cf8804f14a89b6158b3dedb55/00306eaaad213bdcf3c…","selectorHint":"[data-loc=\"client/src/pages/AdminImport.tsx:113\"]"},"value":"https://w2.hba.or.jp/upload/1ce8de6cf8804f14a89b6158b3dedb55/00306eaaad213bdcf3ce05da27fbf5d2.pdf\n\nhttps://w2.hba.or.jp/upload/1bb1dd14cc682ae38f32c2db37a28c9a/d65f979d2da9144d79365b709e3a7585.pdf\n\nht…"}}
[2026-03-03T16:06:39.023Z] {"timestamp":1772553987352,"kind":"focusin","url":"http://localhost:3000/admin/import","viewport":{"width":1246,"height":678},"payload":{"target":{"tag":"button","id":null,"name":null,"type":null,"role":null,"ariaLabel":null,"testId":null,"dataLoc":"client/src/pages/AdminImport.tsx:159","href":null,"text":"データを取り込む","selectorHint":"[data-loc=\"client/src/pages/AdminImport.tsx:159\"]"}}}
[2026-03-03T16:06:39.023Z] {"timestamp":1772553987465,"kind":"click","url":"http://localhost:3000/admin/import","viewport":{"width":1246,"height":678},"payload":{"target":{"tag":"button","id":null,"name":null,"type":null,"role":null,"ariaLabel":null,"testId":null,"dataLoc":"client/src/pages/AdminImport.tsx:159","href":null,"text":"データを取り込む","selectorHint":"[data-loc=\"client/src/pages/AdminImport.tsx:159\"]"},"x":650,"y":532}}
[2026-03-03T16:06:39.023Z] {"timestamp":1772553987477,"kind":"focusout","url":"http://localhost:3000/admin/import","viewport":{"width":1246,"height":678},"payload":{"target":{"tag":"button","id":null,"name":null,"type":null,"role":null,"ariaLabel":null,"testId":null,"dataLoc":"client/src/pages/AdminImport.tsx:159","href":null,"text":"データを取り込み中...","selectorHint":"[data-loc=\"client/src/pages/AdminImport.tsx:159\"]"},"value":null}}
[2026-03-03T16:12:12.244Z] {"timestamp":1772554332137,"kind":"focusin","url":"http://localhost:3000/admin/import","viewport":{"width":1246,"height":678},"payload":{"target":{"tag":"div","id":"radix-_r_0_-content-catalog","name":null,"type":null,"role":"tabpanel","ariaLabel":null,"testId":null,"dataLoc":"client/src/pages/AdminImport.tsx:88","href":null,"text":"Webカタログ一覧 URL HBA公式サイトのセリ市カタログ一覧ページのURLを入力してください PDF測尺データ URL（複数可） 複数のPDF URLを1行…","selectorHint":"[data-loc=\"client/src/pages/AdminImport.tsx:88\"]"}}}
[2026-03-03T16:12:14.242Z] {"timestamp":1772554332264,"kind":"click","url":"http://localhost:3000/admin/import","viewport":{"width":1246,"height":678},"payload":{"target":{"tag":"div","id":null,"name":null,"type":null,"role":null,"ariaLabel":null,"testId":null,"dataLoc":"client/src/pages/AdminImport.tsx:89","href":null,"text":"Webカタログ一覧 URL HBA公式サイトのセリ市カタログ一覧ページのURLを入力してください PDF測尺データ URL（複数可） 複数のPDF URLを1行…","selectorHint":"[data-loc=\"client/src/pages/AdminImport.tsx:89\"]"},"x":516,"y":486}}
[2026-03-03T16:12:14.243Z] {"timestamp":1772554332495,"kind":"scroll","url":"http://localhost:3000/admin/import","viewport":{"width":1246,"height":678},"payload":{"scrollX":0,"scrollY":131,"documentHeight":1061,"viewportHeight":678}}
[2026-03-03T16:12:14.243Z] {"timestamp":1772554333531,"kind":"focusout","url":"http://localhost:3000/admin/import","viewport":{"width":1246,"height":678},"payload":{"target":{"tag":"div","id":"radix-_r_0_-content-catalog","name":null,"type":null,"role":"tabpanel","ariaLabel":null,"testId":null,"dataLoc":"client/src/pages/AdminImport.tsx:88","href":null,"text":"Webカタログ一覧 URL HBA公式サイトのセリ市カタログ一覧ページのURLを入力してください PDF測尺データ URL（複数可） 複数のPDF URLを1行…","selectorHint":"[data-loc=\"client/src/pages/AdminImport.tsx:88\"]"},"value":null}}
[2026-03-03T16:12:14.243Z] {"timestamp":1772554333532,"kind":"focusin","url":"http://localhost:3000/admin/import","viewport":{"width":1246,"height":678},"payload":{"target":{"tag":"button","id":null,"name":null,"type":null,"role":null,"ariaLabel":null,"testId":null,"dataLoc":"client/src/pages/AdminImport.tsx:152","href":null,"text":"一覧を確認","selectorHint":"[data-loc=\"client/src/pages/AdminImport.tsx:152\"]"}}}
[2026-03-03T16:12:14.243Z] {"timestamp":1772554333661,"kind":"click","url":"http://localhost:3000/admin/import","viewport":{"width":1246,"height":678},"payload":{"target":{"tag":"button","id":null,"name":null,"type":null,"role":null,"ariaLabel":null,"testId":null,"dataLoc":"client/src/pages/AdminImport.tsx:152","href":null,"text":"一覧を確認","selectorHint":"[data-loc=\"client/src/pages/AdminImport.tsx:152\"]"},"x":519,"y":453}}
[2026-03-03T16:12:14.243Z] {"timestamp":1772554333667,"kind":"navigate","url":"http://localhost:3000/horses","viewport":{"width":1246,"height":678},"payload":{"reason":"pushState"}}
[2026-03-03T16:12:14.243Z] {"timestamp":1772554333699,"kind":"scroll","url":"http://localhost:3000/horses","viewport":{"width":1246,"height":678},"payload":{"scrollX":0,"scrollY":0,"documentHeight":678,"viewportHeight":678}}
[2026-03-03T16:12:22.252Z] {"timestamp":1772554340833,"kind":"focusin","url":"http://localhost:3000/horses","viewport":{"width":1246,"height":678},"payload":{"target":{"tag":"button","id":null,"name":null,"type":null,"role":null,"ariaLabel":null,"testId":null,"dataLoc":"client/src/pages/Horses.tsx:299","href":null,"text":"詳細","selectorHint":"[data-loc=\"client/src/pages/Horses.tsx:299\"]"}}}
[2026-03-03T16:12:22.252Z] {"timestamp":1772554340931,"kind":"click","url":"http://localhost:3000/horses","viewport":{"width":1246,"height":678},"payload":{"target":{"tag":"button","id":null,"name":null,"type":null,"role":null,"ariaLabel":null,"testId":null,"dataLoc":"client/src/pages/Horses.tsx:299","href":null,"text":"詳細","selectorHint":"[data-loc=\"client/src/pages/Horses.tsx:299\"]"},"x":1153,"y":452}}
[2026-03-03T16:12:22.252Z] {"timestamp":1772554340933,"kind":"navigate","url":"http://localhost:3000/horses/5850","viewport":{"width":1246,"height":678},"payload":{"reason":"pushState"}}
[2026-03-03T16:15:01.137Z] {"timestamp":1772554500069,"kind":"focusin","url":"http://localhost:3000/horses/5850","viewport":{"width":1246,"height":678},"payload":{"target":{"tag":"button","id":null,"name":null,"type":null,"role":null,"ariaLabel":null,"testId":null,"dataLoc":"client/src/pages/HorseDetail.tsx:332","href":null,"text":"一覧に戻る","selectorHint":"[data-loc=\"client/src/pages/HorseDetail.tsx:332\"]"}}}
[2026-03-03T16:15:01.137Z] {"timestamp":1772554500163,"kind":"click","url":"http://localhost:3000/horses/5850","viewport":{"width":1246,"height":678},"payload":{"target":{"tag":"button","id":null,"name":null,"type":null,"role":null,"ariaLabel":null,"testId":null,"dataLoc":"client/src/pages/HorseDetail.tsx:332","href":null,"text":"一覧に戻る","selectorHint":"[data-loc=\"client/src/pages/HorseDetail.tsx:332\"]"},"x":1135,"y":64}}
[2026-03-03T16:15:01.137Z] {"timestamp":1772554500165,"kind":"navigate","url":"http://localhost:3000/horses","viewport":{"width":1246,"height":678},"payload":{"reason":"pushState"}}
[2026-03-03T16:15:03.136Z] {"timestamp":1772554501299,"kind":"focusin","url":"http://localhost:3000/horses","viewport":{"width":1246,"height":678},"payload":{"target":{"tag":"button","id":null,"name":null,"type":null,"role":null,"ariaLabel":null,"testId":null,"dataLoc":"client/src/pages/Horses.tsx:114","href":null,"text":"ホームに戻る","selectorHint":"[data-loc=\"client/src/pages/Horses.tsx:114\"]"}}}
[2026-03-03T16:15:03.136Z] {"timestamp":1772554501396,"kind":"click","url":"http://localhost:3000/horses","viewport":{"width":1246,"height":678},"payload":{"target":{"tag":"button","id":null,"name":null,"type":null,"role":null,"ariaLabel":null,"testId":null,"dataLoc":"client/src/pages/Horses.tsx:114","href":null,"text":"ホームに戻る","selectorHint":"[data-loc=\"client/src/pages/Horses.tsx:114\"]"},"x":1153,"y":68}}
[2026-03-03T16:15:03.136Z] {"timestamp":1772554501397,"kind":"navigate","url":"http://localhost:3000/","viewport":{"width":1246,"height":678},"payload":{"reason":"pushState"}}
[2026-03-03T16:15:05.168Z] {"timestamp":1772554503813,"kind":"focusin","url":"http://localhost:3000/","viewport":{"width":1246,"height":678},"payload":{"target":{"tag":"button","id":null,"name":null,"type":null,"role":null,"ariaLabel":null,"testId":null,"dataLoc":"client/src/pages/Landing.tsx:72","href":null,"text":"管理者メニュー","selectorHint":"[data-loc=\"client/src/pages/Landing.tsx:72\"]"}}}
[2026-03-03T16:15:05.168Z] {"timestamp":1772554503945,"kind":"click","url":"http://localhost:3000/","viewport":{"width":1246,"height":678},"payload":{"target":{"tag":"button","id":null,"name":null,"type":null,"role":null,"ariaLabel":null,"testId":null,"dataLoc":"client/src/pages/Landing.tsx:72","href":null,"text":"管理者メニュー","selectorHint":"[data-loc=\"client/src/pages/Landing.tsx:72\"]"},"x":888,"y":32}}
[2026-03-03T16:15:05.168Z] {"timestamp":1772554503946,"kind":"navigate","url":"http://localhost:3000/admin/import","viewport":{"width":1246,"height":678},"payload":{"reason":"pushState"}}
[2026-03-03T16:15:12.097Z] {"timestamp":1772554511686,"kind":"focusin","url":"http://localhost:3000/admin/import","viewport":{"width":1246,"height":678},"payload":{"target":{"tag":"input","id":null,"name":null,"type":"url","role":null,"ariaLabel":null,"testId":null,"dataLoc":"client/src/pages/AdminImport.tsx:95","href":null,"text":"","selectorHint":"[data-loc=\"client/src/pages/AdminImport.tsx:95\"]"}}}
[2026-03-03T16:15:12.097Z] {"timestamp":1772554511812,"kind":"click","url":"http://localhost:3000/admin/import","viewport":{"width":1246,"height":678},"payload":{"target":{"tag":"input","id":null,"name":null,"type":"url","role":null,"ariaLabel":null,"testId":null,"dataLoc":"client/src/pages/AdminImport.tsx:95","href":null,"text":"","selectorHint":"[data-loc=\"client/src/pages/AdminImport.tsx:95\"]"},"x":572,"y":289}}
[2026-03-03T16:15:16.271Z] {"timestamp":1772554514844,"kind":"change","url":"http://localhost:3000/admin/import","viewport":{"width":1246,"height":678},"payload":{"target":{"tag":"input","id":null,"name":null,"type":"url","role":null,"ariaLabel":null,"testId":null,"dataLoc":"client/src/pages/AdminImport.tsx:95","href":null,"text":"","selectorHint":"[data-loc=\"client/src/pages/AdminImport.tsx:95\"]"},"value":"https://wmp512t973.user-space.cdn.idcfcloud.net/catalog/20250801/index_all250818.html"}}
[2026-03-03T16:15:16.271Z] {"timestamp":1772554514844,"kind":"focusout","url":"http://localhost:3000/admin/import","viewport":{"width":1246,"height":678},"payload":{"target":{"tag":"input","id":null,"name":null,"type":"url","role":null,"ariaLabel":null,"testId":null,"dataLoc":"client/src/pages/AdminImport.tsx:95","href":null,"text":"","selectorHint":"[data-loc=\"client/src/pages/AdminImport.tsx:95\"]"},"value":"https://wmp512t973.user-space.cdn.idcfcloud.net/catalog/20250801/index_all250818.html"}}
[2026-03-03T16:15:20.352Z] {"timestamp":1772554519834,"kind":"focusin","url":"http://localhost:3000/admin/import","viewport":{"width":1246,"height":678},"payload":{"target":{"tag":"input","id":null,"name":null,"type":"url","role":null,"ariaLabel":null,"testId":null,"dataLoc":"client/src/pages/AdminImport.tsx:95","href":null,"text":"","selectorHint":"[data-loc=\"client/src/pages/AdminImport.tsx:95\"]"}}}
[2026-03-03T16:15:22.399Z] {"timestamp":1772554520815,"kind":"focusout","url":"http://localhost:3000/admin/import","viewport":{"width":1246,"height":678},"payload":{"target":{"tag":"input","id":null,"name":null,"type":"url","role":null,"ariaLabel":null,"testId":null,"dataLoc":"client/src/pages/AdminImport.tsx:95","href":null,"text":"","selectorHint":"[data-loc=\"client/src/pages/AdminImport.tsx:95\"]"},"value":"https://wmp512t973.user-space.cdn.idcfcloud.net/catalog/20250801/index_all250818.html"}}
[2026-03-03T16:15:22.399Z] {"timestamp":1772554520820,"kind":"focusin","url":"http://localhost:3000/admin/import","viewport":{"width":1246,"height":678},"payload":{"target":{"tag":"textarea","id":null,"name":null,"type":null,"role":null,"ariaLabel":null,"testId":null,"dataLoc":"client/src/pages/AdminImport.tsx:113","href":null,"text":"","selectorHint":"[data-loc=\"client/src/pages/AdminImport.tsx:113\"]"}}}
[2026-03-03T16:15:22.399Z] {"timestamp":1772554520926,"kind":"click","url":"http://localhost:3000/admin/import","viewport":{"width":1246,"height":678},"payload":{"target":{"tag":"textarea","id":null,"name":null,"type":null,"role":null,"ariaLabel":null,"testId":null,"dataLoc":"client/src/pages/AdminImport.tsx:113","href":null,"text":"","selectorHint":"[data-loc=\"client/src/pages/AdminImport.tsx:113\"]"},"x":473,"y":472}}
[2026-03-03T16:15:24.405Z] {"timestamp":1772554524079,"kind":"change","url":"http://localhost:3000/admin/import","viewport":{"width":1246,"height":678},"payload":{"target":{"tag":"textarea","id":null,"name":null,"type":null,"role":null,"ariaLabel":null,"testId":null,"dataLoc":"client/src/pages/AdminImport.tsx:113","href":null,"text":"https://w2.hba.or.jp/upload/1ce8de6cf8804f14a89b6158b3dedb55/00306eaaad213bdcf3c…","selectorHint":"[data-loc=\"client/src/pages/AdminImport.tsx:113\"]"},"value":"https://w2.hba.or.jp/upload/1ce8de6cf8804f14a89b6158b3dedb55/00306eaaad213bdcf3ce05da27fbf5d2.pdf\nhttps://w2.hba.or.jp/upload/1bb1dd14cc682ae38f32c2db37a28c9a/d65f979d2da9144d79365b709e3a7585.pdf\nhttp…"}}
[2026-03-03T16:15:24.405Z] {"timestamp":1772554524079,"kind":"focusout","url":"http://localhost:3000/admin/import","viewport":{"width":1246,"height":678},"payload":{"target":{"tag":"textarea","id":null,"name":null,"type":null,"role":null,"ariaLabel":null,"testId":null,"dataLoc":"client/src/pages/AdminImport.tsx:113","href":null,"text":"https://w2.hba.or.jp/upload/1ce8de6cf8804f14a89b6158b3dedb55/00306eaaad213bdcf3c…","selectorHint":"[data-loc=\"client/src/pages/AdminImport.tsx:113\"]"},"value":"https://w2.hba.or.jp/upload/1ce8de6cf8804f14a89b6158b3dedb55/00306eaaad213bdcf3ce05da27fbf5d2.pdf\nhttps://w2.hba.or.jp/upload/1bb1dd14cc682ae38f32c2db37a28c9a/d65f979d2da9144d79365b709e3a7585.pdf\nhttp…"}}
[2026-03-03T16:15:24.405Z] {"timestamp":1772554524081,"kind":"focusin","url":"http://localhost:3000/admin/import","viewport":{"width":1246,"height":678},"payload":{"target":{"tag":"button","id":null,"name":null,"type":null,"role":null,"ariaLabel":null,"testId":null,"dataLoc":"client/src/pages/AdminImport.tsx:159","href":null,"text":"データを取り込む","selectorHint":"[data-loc=\"client/src/pages/AdminImport.tsx:159\"]"}}}
[2026-03-03T16:15:24.405Z] {"timestamp":1772554524196,"kind":"click","url":"http://localhost:3000/admin/import","viewport":{"width":1246,"height":678},"payload":{"target":{"tag":"button","id":null,"name":null,"type":null,"role":null,"ariaLabel":null,"testId":null,"dataLoc":"client/src/pages/AdminImport.tsx:159","href":null,"text":"データを取り込む","selectorHint":"[data-loc=\"client/src/pages/AdminImport.tsx:159\"]"},"x":398,"y":651}}
[2026-03-03T16:15:24.405Z] {"timestamp":1772554524207,"kind":"focusout","url":"http://localhost:3000/admin/import","viewport":{"width":1246,"height":678},"payload":{"target":{"tag":"button","id":null,"name":null,"type":null,"role":null,"ariaLabel":null,"testId":null,"dataLoc":"client/src/pages/AdminImport.tsx:159","href":null,"text":"データを取り込み中...","selectorHint":"[data-loc=\"client/src/pages/AdminImport.tsx:159\"]"},"value":null}}
[2026-03-03T16:19:28.368Z] {"timestamp":1772554766369,"kind":"scroll","url":"http://localhost:3000/admin/import","viewport":{"width":1246,"height":678},"payload":{"scrollX":0,"scrollY":1,"documentHeight":1061,"viewportHeight":678}}
[2026-03-03T16:19:30.363Z] {"timestamp":1772554768977,"kind":"focusin","url":"http://localhost:3000/admin/import","viewport":{"width":1246,"height":678},"payload":{"target":{"tag":"button","id":null,"name":null,"type":null,"role":null,"ariaLabel":null,"testId":null,"dataLoc":"client/src/pages/AdminImport.tsx:152","href":null,"text":"一覧を確認","selectorHint":"[data-loc=\"client/src/pages/AdminImport.tsx:152\"]"}}}
[2026-03-03T16:19:30.363Z] {"timestamp":1772554769108,"kind":"click","url":"http://localhost:3000/admin/import","viewport":{"width":1246,"height":678},"payload":{"target":{"tag":"button","id":null,"name":null,"type":null,"role":null,"ariaLabel":null,"testId":null,"dataLoc":"client/src/pages/AdminImport.tsx:152","href":null,"text":"一覧を確認","selectorHint":"[data-loc=\"client/src/pages/AdminImport.tsx:152\"]"},"x":750,"y":542}}
[2026-03-03T16:19:30.363Z] {"timestamp":1772554769112,"kind":"navigate","url":"http://localhost:3000/horses","viewport":{"width":1246,"height":678},"payload":{"reason":"pushState"}}
[2026-03-03T16:19:34.373Z] {"timestamp":1772554773560,"kind":"focusin","url":"http://localhost:3000/horses","viewport":{"width":1246,"height":678},"payload":{"target":{"tag":"button","id":null,"name":null,"type":null,"role":null,"ariaLabel":null,"testId":null,"dataLoc":"client/src/pages/Horses.tsx:299","href":null,"text":"詳細","selectorHint":"[data-loc=\"client/src/pages/Horses.tsx:299\"]"}}}
[2026-03-03T16:19:34.373Z] {"timestamp":1772554773676,"kind":"click","url":"http://localhost:3000/horses","viewport":{"width":1246,"height":678},"payload":{"target":{"tag":"button","id":null,"name":null,"type":null,"role":null,"ariaLabel":null,"testId":null,"dataLoc":"client/src/pages/Horses.tsx:299","href":null,"text":"詳細","selectorHint":"[data-loc=\"client/src/pages/Horses.tsx:299\"]"},"x":1166,"y":149}}
[2026-03-03T16:19:34.373Z] {"timestamp":1772554773678,"kind":"navigate","url":"http://localhost:3000/horses/5850","viewport":{"width":1246,"height":678},"payload":{"reason":"pushState"}}
[2026-03-03T16:19:38.404Z] {"timestamp":1772554776719,"kind":"scroll","url":"http://localhost:3000/horses/5850","viewport":{"width":1246,"height":678},"payload":{"scrollX":0,"scrollY":0,"documentHeight":678,"viewportHeight":678}}
[2026-03-03T16:20:34.312Z] {"timestamp":1772554833333,"kind":"navigate","url":"http://localhost:3000/horses","viewport":{"width":1246,"height":193},"payload":{"reason":"popstate"}}
[2026-03-03T16:20:34.312Z] {"timestamp":1772554833369,"kind":"scroll","url":"http://localhost:3000/horses","viewport":{"width":1246,"height":193},"payload":{"scrollX":0,"scrollY":289,"documentHeight":498,"viewportHeight":193}}
[2026-03-03T16:20:38.376Z] {"timestamp":1772554836769,"kind":"scroll","url":"http://localhost:3000/horses","viewport":{"width":1246,"height":678},"payload":{"scrollX":0,"scrollY":0,"documentHeight":678,"viewportHeight":678}}
[2026-03-03T16:20:42.384Z] {"timestamp":1772554841245,"kind":"focusin","url":"http://localhost:3000/horses","viewport":{"width":1246,"height":678},"payload":{"target":{"tag":"button","id":null,"name":null,"type":null,"role":null,"ariaLabel":null,"testId":null,"dataLoc":"client/src/pages/Horses.tsx:299","href":null,"text":"詳細","selectorHint":"[data-loc=\"client/src/pages/Horses.tsx:299\"]"}}}
[2026-03-03T16:20:42.384Z] {"timestamp":1772554841358,"kind":"click","url":"http://localhost:3000/horses","viewport":{"width":1246,"height":678},"payload":{"target":{"tag":"button","id":null,"name":null,"type":null,"role":null,"ariaLabel":null,"testId":null,"dataLoc":"client/src/pages/Horses.tsx:299","href":null,"text":"詳細","selectorHint":"[data-loc=\"client/src/pages/Horses.tsx:299\"]"},"x":1145,"y":436}}
[2026-03-03T16:20:42.384Z] {"timestamp":1772554841358,"kind":"navigate","url":"http://localhost:3000/horses/7312","viewport":{"width":1246,"height":678},"payload":{"reason":"pushState"}}
[2026-03-03T16:20:44.393Z] {"timestamp":1772554844102,"kind":"scroll","url":"http://localhost:3000/horses/7312","viewport":{"width":1246,"height":678},"payload":{"scrollX":0,"scrollY":1,"documentHeight":2495,"viewportHeight":678}}
[2026-03-03T16:20:46.394Z] {"timestamp":1772554845542,"kind":"focusin","url":"http://localhost:3000/horses/7312","viewport":{"width":1246,"height":678},"payload":{"target":{"tag":"button","id":null,"name":null,"type":null,"role":null,"ariaLabel":null,"testId":null,"dataLoc":"client/src/components/ImageCarousel.tsx:85","href":null,"text":"","selectorHint":"[data-loc=\"client/src/components/ImageCarousel.tsx:85\"]"}}}
[2026-03-03T16:20:46.394Z] {"timestamp":1772554845689,"kind":"click","url":"http://localhost:3000/horses/7312","viewport":{"width":1246,"height":678},"payload":{"target":{"tag":"button","id":null,"name":null,"type":null,"role":null,"ariaLabel":null,"testId":null,"dataLoc":"client/src/components/ImageCarousel.tsx:85","href":null,"text":"","selectorHint":"[data-loc=\"client/src/components/ImageCarousel.tsx:85\"]"},"x":755,"y":278}}
[2026-03-03T16:20:48.407Z] {"timestamp":1772554846626,"kind":"click","url":"http://localhost:3000/horses/7312","viewport":{"width":1246,"height":678},"payload":{"target":{"tag":"button","id":null,"name":null,"type":null,"role":null,"ariaLabel":null,"testId":null,"dataLoc":"client/src/components/ImageCarousel.tsx:85","href":null,"text":"","selectorHint":"[data-loc=\"client/src/components/ImageCarousel.tsx:85\"]"},"x":755,"y":278}}
[2026-03-03T16:20:48.407Z] {"timestamp":1772554847592,"kind":"click","url":"http://localhost:3000/horses/7312","viewport":{"width":1246,"height":678},"payload":{"target":{"tag":"button","id":null,"name":null,"type":null,"role":null,"ariaLabel":null,"testId":null,"dataLoc":"client/src/components/ImageCarousel.tsx:85","href":null,"text":"","selectorHint":"[data-loc=\"client/src/components/ImageCarousel.tsx:85\"]"},"x":755,"y":278}}
[2026-03-03T16:20:50.562Z] {"timestamp":1772554848675,"kind":"click","url":"http://localhost:3000/horses/7312","viewport":{"width":1246,"height":678},"payload":{"target":{"tag":"button","id":null,"name":null,"type":null,"role":null,"ariaLabel":null,"testId":null,"dataLoc":"client/src/components/ImageCarousel.tsx:85","href":null,"text":"","selectorHint":"[data-loc=\"client/src/components/ImageCarousel.tsx:85\"]"},"x":755,"y":278}}
[2026-03-03T16:20:54.711Z] {"timestamp":1772554853093,"kind":"focusout","url":"http://localhost:3000/horses/7312","viewport":{"width":1246,"height":678},"payload":{"target":{"tag":"button","id":null,"name":null,"type":null,"role":null,"ariaLabel":null,"testId":null,"dataLoc":"client/src/components/ImageCarousel.tsx:85","href":null,"text":"","selectorHint":"[data-loc=\"client/src/components/ImageCarousel.tsx:85\"]"},"value":null}}
[2026-03-03T16:20:54.711Z] {"timestamp":1772554853095,"kind":"focusin","url":"http://localhost:3000/horses/7312","viewport":{"width":1246,"height":678},"payload":{"target":{"tag":"button","id":null,"name":null,"type":null,"role":null,"ariaLabel":null,"testId":null,"dataLoc":"client/src/components/ImageCarousel.tsx:106","href":null,"text":"","selectorHint":"[data-loc=\"client/src/components/ImageCarousel.tsx:106\"]"}}}
[2026-03-03T16:20:54.711Z] {"timestamp":1772554853225,"kind":"click","url":"http://localhost:3000/horses/7312","viewport":{"width":1246,"height":678},"payload":{"target":{"tag":"img","id":null,"name":null,"type":null,"role":null,"ariaLabel":null,"testId":null,"dataLoc":"client/src/components/ImageCarousel.tsx:115","href":null,"text":"","selectorHint":"[data-loc=\"client/src/components/ImageCarousel.tsx:115\"]"},"x":115,"y":569}}
[2026-03-03T16:20:56.724Z] {"timestamp":1772554855391,"kind":"focusout","url":"http://localhost:3000/horses/7312","viewport":{"width":1246,"height":678},"payload":{"target":{"tag":"button","id":null,"name":null,"type":null,"role":null,"ariaLabel":null,"testId":null,"dataLoc":"client/src/components/ImageCarousel.tsx:106","href":null,"text":"","selectorHint":"[data-loc=\"client/src/components/ImageCarousel.tsx:106\"]"},"value":null}}
[2026-03-03T16:20:56.724Z] {"timestamp":1772554855393,"kind":"focusin","url":"http://localhost:3000/horses/7312","viewport":{"width":1246,"height":678},"payload":{"target":{"tag":"button","id":null,"name":null,"type":null,"role":null,"ariaLabel":null,"testId":null,"dataLoc":"client/src/components/ImageCarousel.tsx:106","href":null,"text":"","selectorHint":"[data-loc=\"client/src/components/ImageCarousel.tsx:106\"]"}}}
[2026-03-03T16:20:56.724Z] {"timestamp":1772554855506,"kind":"click","url":"http://localhost:3000/horses/7312","viewport":{"width":1246,"height":678},"payload":{"target":{"tag":"img","id":null,"name":null,"type":null,"role":null,"ariaLabel":null,"testId":null,"dataLoc":"client/src/components/ImageCarousel.tsx:115","href":null,"text":"","selectorHint":"[data-loc=\"client/src/components/ImageCarousel.tsx:115\"]"},"x":412,"y":564}}
[2026-03-03T16:21:02.740Z] {"timestamp":1772554862151,"kind":"scroll","url":"http://localhost:3000/horses/7312","viewport":{"width":1246,"height":678},"payload":{"scrollX":0,"scrollY":185,"documentHeight":2495,"viewportHeight":678}}
[2026-03-03T16:21:04.877Z] {"timestamp":1772554862940,"kind":"scroll","url":"http://localhost:3000/horses/7312","viewport":{"width":1246,"height":678},"payload":{"scrollX":0,"scrollY":411,"documentHeight":2495,"viewportHeight":678}}
[2026-03-03T16:21:04.877Z] {"timestamp":1772554863452,"kind":"scroll","url":"http://localhost:3000/horses/7312","viewport":{"width":1246,"height":678},"payload":{"scrollX":0,"scrollY":487,"documentHeight":2495,"viewportHeight":678}}
[2026-03-03T16:21:04.877Z] {"timestamp":1772554863953,"kind":"scroll","url":"http://localhost:3000/horses/7312","viewport":{"width":1246,"height":678},"payload":{"scrollX":0,"scrollY":624,"documentHeight":2495,"viewportHeight":678}}
[2026-03-03T16:21:04.877Z] {"timestamp":1772554864773,"kind":"scroll","url":"http://localhost:3000/horses/7312","viewport":{"width":1246,"height":678},"payload":{"scrollX":0,"scrollY":677,"documentHeight":2495,"viewportHeight":678}}
[2026-03-03T16:21:06.879Z] {"timestamp":1772554865285,"kind":"scroll","url":"http://localhost:3000/horses/7312","viewport":{"width":1246,"height":678},"payload":{"scrollX":0,"scrollY":587,"documentHeight":2495,"viewportHeight":678}}
[2026-03-03T16:21:06.879Z] {"timestamp":1772554865785,"kind":"scroll","url":"http://localhost:3000/horses/7312","viewport":{"width":1246,"height":678},"payload":{"scrollX":0,"scrollY":280,"documentHeight":2495,"viewportHeight":678}}
[2026-03-03T16:21:06.879Z] {"timestamp":1772554866285,"kind":"scroll","url":"http://localhost:3000/horses/7312","viewport":{"width":1246,"height":678},"payload":{"scrollX":0,"scrollY":122,"documentHeight":2495,"viewportHeight":678}}
[2026-03-03T16:21:06.879Z] {"timestamp":1772554866788,"kind":"scroll","url":"http://localhost:3000/horses/7312","viewport":{"width":1246,"height":678},"payload":{"scrollX":0,"scrollY":8,"documentHeight":2495,"viewportHeight":678}}
[2026-03-03T16:21:09.011Z] {"timestamp":1772554867757,"kind":"focusout","url":"http://localhost:3000/horses/7312","viewport":{"width":1246,"height":678},"payload":{"target":{"tag":"button","id":null,"name":null,"type":null,"role":null,"ariaLabel":null,"testId":null,"dataLoc":"client/src/components/ImageCarousel.tsx:106","href":null,"text":"","selectorHint":"[data-loc=\"client/src/components/ImageCarousel.tsx:106\"]"},"value":null}}
[2026-03-03T16:21:09.011Z] {"timestamp":1772554867758,"kind":"focusin","url":"http://localhost:3000/horses/7312","viewport":{"width":1246,"height":678},"payload":{"target":{"tag":"button","id":null,"name":null,"type":null,"role":null,"ariaLabel":null,"testId":null,"dataLoc":"client/src/pages/HorseDetail.tsx:535","href":null,"text":"◎","selectorHint":"[data-loc=\"client/src/pages/HorseDetail.tsx:535\"]"}}}
[2026-03-03T16:21:09.011Z] {"timestamp":1772554867840,"kind":"click","url":"http://localhost:3000/horses/7312","viewport":{"width":1246,"height":678},"payload":{"target":{"tag":"button","id":null,"name":null,"type":null,"role":null,"ariaLabel":null,"testId":null,"dataLoc":"client/src/pages/HorseDetail.tsx:535","href":null,"text":"◎","selectorHint":"[data-loc=\"client/src/pages/HorseDetail.tsx:535\"]"},"x":892,"y":243}}
[2026-03-03T16:21:10.936Z] {"timestamp":1772554868923,"kind":"scroll","url":"http://localhost:3000/horses/7312","viewport":{"width":1246,"height":678},"payload":{"scrollX":0,"scrollY":1,"documentHeight":2495,"viewportHeight":678}}
[2026-03-03T16:21:10.936Z] {"timestamp":1772554869361,"kind":"focusout","url":"http://localhost:3000/horses/7312","viewport":{"width":1246,"height":678},"payload":{"target":{"tag":"button","id":null,"name":null,"type":null,"role":null,"ariaLabel":null,"testId":null,"dataLoc":"client/src/pages/HorseDetail.tsx:535","href":null,"text":"◎","selectorHint":"[data-loc=\"client/src/pages/HorseDetail.tsx:535\"]"},"value":null}}
[2026-03-03T16:21:10.936Z] {"timestamp":1772554869370,"kind":"focusin","url":"http://localhost:3000/horses/7312","viewport":{"width":1246,"height":678},"payload":{"target":{"tag":"textarea","id":null,"name":null,"type":null,"role":null,"ariaLabel":null,"testId":null,"dataLoc":"client/src/pages/HorseDetail.tsx:553","href":null,"text":"","selectorHint":"[data-loc=\"client/src/pages/HorseDetail.tsx:553\"]"}}}
[2026-03-03T16:21:10.936Z] {"timestamp":1772554869458,"kind":"click","url":"http://localhost:3000/horses/7312","viewport":{"width":1246,"height":678},"payload":{"target":{"tag":"textarea","id":null,"name":null,"type":null,"role":null,"ariaLabel":null,"testId":null,"dataLoc":"client/src/pages/HorseDetail.tsx:553","href":null,"text":"","selectorHint":"[data-loc=\"client/src/pages/HorseDetail.tsx:553\"]"},"x":926,"y":245}}
[2026-03-03T16:21:12.938Z] {"timestamp":1772554871674,"kind":"focusout","url":"http://localhost:3000/horses/7312","viewport":{"width":1246,"height":678},"payload":{"target":{"tag":"textarea","id":null,"name":null,"type":null,"role":null,"ariaLabel":null,"testId":null,"dataLoc":"client/src/pages/HorseDetail.tsx:553","href":null,"text":"","selectorHint":"[data-loc=\"client/src/pages/HorseDetail.tsx:553\"]"},"value":""}}
[2026-03-03T16:21:12.938Z] {"timestamp":1772554871675,"kind":"focusin","url":"http://localhost:3000/horses/7312","viewport":{"width":1246,"height":678},"payload":{"target":{"tag":"button","id":null,"name":null,"type":null,"role":"checkbox","ariaLabel":null,"testId":null,"dataLoc":"client/src/pages/HorseDetail.tsx:573","href":null,"text":"","selectorHint":"[data-loc=\"client/src/pages/HorseDetail.tsx:573\"]"}}}
[2026-03-03T16:21:12.938Z] {"timestamp":1772554871775,"kind":"click","url":"http://localhost:3000/horses/7312","viewport":{"width":1246,"height":678},"payload":{"target":{"tag":"button","id":null,"name":null,"type":null,"role":"checkbox","ariaLabel":null,"testId":null,"dataLoc":"client/src/pages/HorseDetail.tsx:573","href":null,"text":"","selectorHint":"[data-loc=\"client/src/pages/HorseDetail.tsx:573\"]"},"x":887,"y":494}}
[2026-03-03T16:21:12.938Z] {"timestamp":1772554872608,"kind":"focusout","url":"http://localhost:3000/horses/7312","viewport":{"width":1246,"height":678},"payload":{"target":{"tag":"button","id":null,"name":null,"type":null,"role":"checkbox","ariaLabel":null,"testId":null,"dataLoc":"client/src/pages/HorseDetail.tsx:573","href":null,"text":"","selectorHint":"[data-loc=\"client/src/pages/HorseDetail.tsx:573\"]"},"value":null}}
[2026-03-03T16:21:12.938Z] {"timestamp":1772554872609,"kind":"focusin","url":"http://localhost:3000/horses/7312","viewport":{"width":1246,"height":678},"payload":{"target":{"tag":"button","id":null,"name":null,"type":null,"role":null,"ariaLabel":null,"testId":null,"dataLoc":"client/src/pages/HorseDetail.tsx:606","href":null,"text":"評価・メモを保存","selectorHint":"[data-loc=\"client/src/pages/HorseDetail.tsx:606\"]"}}}
[2026-03-03T16:21:12.938Z] {"timestamp":1772554872691,"kind":"click","url":"http://localhost:3000/horses/7312","viewport":{"width":1246,"height":678},"payload":{"target":{"tag":"button","id":null,"name":null,"type":null,"role":null,"ariaLabel":null,"testId":null,"dataLoc":"client/src/pages/HorseDetail.tsx:606","href":null,"text":"評価・メモを保存","selectorHint":"[data-loc=\"client/src/pages/HorseDetail.tsx:606\"]"},"x":919,"y":577}}
[2026-03-03T16:21:16.944Z] {"timestamp":1772554875288,"kind":"scroll","url":"http://localhost:3000/horses/7312","viewport":{"width":1246,"height":678},"payload":{"scrollX":0,"scrollY":105,"documentHeight":2495,"viewportHeight":678}}
[2026-03-03T16:21:16.944Z] {"timestamp":1772554876578,"kind":"focusout","url":"http://localhost:3000/horses/7312","viewport":{"width":1246,"height":678},"payload":{"target":{"tag":"button","id":null,"name":null,"type":null,"role":null,"ariaLabel":null,"testId":null,"dataLoc":"client/src/pages/HorseDetail.tsx:606","href":null,"text":"評価・メモを保存","selectorHint":"[data-loc=\"client/src/pages/HorseDetail.tsx:606\"]"},"value":null}}
[2026-03-03T16:21:16.944Z] {"timestamp":1772554876579,"kind":"focusin","url":"http://localhost:3000/horses/7312","viewport":{"width":1246,"height":678},"payload":{"target":{"tag":"button","id":null,"name":null,"type":null,"role":null,"ariaLabel":null,"testId":null,"dataLoc":"client/src/pages/HorseDetail.tsx:326","href":null,"text":"マイページ (評価一覧)","selectorHint":"[data-loc=\"client/src/pages/HorseDetail.tsx:326\"]"}}}
[2026-03-03T16:21:16.944Z] {"timestamp":1772554876690,"kind":"click","url":"http://localhost:3000/horses/7312","viewport":{"width":1246,"height":678},"payload":{"target":{"tag":"button","id":null,"name":null,"type":null,"role":null,"ariaLabel":null,"testId":null,"dataLoc":"client/src/pages/HorseDetail.tsx:326","href":null,"text":"マイページ (評価一覧)","selectorHint":"[data-loc=\"client/src/pages/HorseDetail.tsx:326\"]"},"x":973,"y":45}}
[2026-03-03T16:21:16.944Z] {"timestamp":1772554876691,"kind":"navigate","url":"http://localhost:3000/my-page","viewport":{"width":1246,"height":678},"payload":{"reason":"pushState"}}
[2026-03-03T16:21:25.117Z] {"timestamp":1772554884543,"kind":"focusin","url":"http://localhost:3000/my-page","viewport":{"width":1246,"height":678},"payload":{"target":{"tag":"button","id":"radix-_r_0_-trigger-comparison","name":null,"type":null,"role":"tab","ariaLabel":null,"testId":null,"dataLoc":"client/src/pages/MyPage.tsx:246","href":null,"text":"馬体比較ビュー","selectorHint":"[data-loc=\"client/src/pages/MyPage.tsx:246\"]"}}}
[2026-03-03T16:21:25.117Z] {"timestamp":1772554884622,"kind":"click","url":"http://localhost:3000/my-page","viewport":{"width":1246,"height":678},"payload":{"target":{"tag":"button","id":"radix-_r_0_-trigger-comparison","name":null,"type":null,"role":"tab","ariaLabel":null,"testId":null,"dataLoc":"client/src/pages/MyPage.tsx:246","href":null,"text":"馬体比較ビュー","selectorHint":"[data-loc=\"client/src/pages/MyPage.tsx:246\"]"},"x":512,"y":159}}
[2026-03-03T16:21:27.118Z] {"timestamp":1772554885711,"kind":"focusout","url":"http://localhost:3000/my-page","viewport":{"width":1246,"height":678},"payload":{"target":{"tag":"button","id":"radix-_r_0_-trigger-comparison","name":null,"type":null,"role":"tab","ariaLabel":null,"testId":null,"dataLoc":"client/src/pages/MyPage.tsx:246","href":null,"text":"馬体比較ビュー","selectorHint":"[data-loc=\"client/src/pages/MyPage.tsx:246\"]"},"value":null}}
[2026-03-03T16:21:27.118Z] {"timestamp":1772554885712,"kind":"focusin","url":"http://localhost:3000/my-page","viewport":{"width":1246,"height":678},"payload":{"target":{"tag":"button","id":"radix-_r_0_-trigger-checklist","name":null,"type":null,"role":"tab","ariaLabel":null,"testId":null,"dataLoc":"client/src/pages/MyPage.tsx:247","href":null,"text":"チェックリスト管理","selectorHint":"[data-loc=\"client/src/pages/MyPage.tsx:247\"]"}}}
[2026-03-03T16:21:27.118Z] {"timestamp":1772554885804,"kind":"click","url":"http://localhost:3000/my-page","viewport":{"width":1246,"height":678},"payload":{"target":{"tag":"button","id":"radix-_r_0_-trigger-checklist","name":null,"type":null,"role":"tab","ariaLabel":null,"testId":null,"dataLoc":"client/src/pages/MyPage.tsx:247","href":null,"text":"チェックリスト管理","selectorHint":"[data-loc=\"client/src/pages/MyPage.tsx:247\"]"},"x":737,"y":158}}
[2026-03-03T16:21:29.127Z] {"timestamp":1772554887222,"kind":"focusout","url":"http://localhost:3000/my-page","viewport":{"width":1246,"height":678},"payload":{"target":{"tag":"button","id":"radix-_r_0_-trigger-checklist","name":null,"type":null,"role":"tab","ariaLabel":null,"testId":null,"dataLoc":"client/src/pages/MyPage.tsx:247","href":null,"text":"チェックリスト管理","selectorHint":"[data-loc=\"client/src/pages/MyPage.tsx:247\"]"},"value":null}}
[2026-03-03T16:21:29.127Z] {"timestamp":1772554887223,"kind":"focusin","url":"http://localhost:3000/my-page","viewport":{"width":1246,"height":678},"payload":{"target":{"tag":"button","id":"radix-_r_0_-trigger-eliminated","name":null,"type":null,"role":"tab","ariaLabel":null,"testId":null,"dataLoc":"client/src/pages/MyPage.tsx:248","href":null,"text":"除外管理 (0)","selectorHint":"[data-loc=\"client/src/pages/MyPage.tsx:248\"]"}}}
[2026-03-03T16:21:29.127Z] {"timestamp":1772554887307,"kind":"click","url":"http://localhost:3000/my-page","viewport":{"width":1246,"height":678},"payload":{"target":{"tag":"button","id":"radix-_r_0_-trigger-eliminated","name":null,"type":null,"role":"tab","ariaLabel":null,"testId":null,"dataLoc":"client/src/pages/MyPage.tsx:248","href":null,"text":"除外管理 (0)","selectorHint":"[data-loc=\"client/src/pages/MyPage.tsx:248\"]"},"x":929,"y":159}}
[2026-03-03T16:21:41.259Z] {"timestamp":1772554900351,"kind":"focusout","url":"http://localhost:3000/my-page","viewport":{"width":1246,"height":678},"payload":{"target":{"tag":"button","id":"radix-_r_0_-trigger-eliminated","name":null,"type":null,"role":"tab","ariaLabel":null,"testId":null,"dataLoc":"client/src/pages/MyPage.tsx:248","href":null,"text":"除外管理 (0)","selectorHint":"[data-loc=\"client/src/pages/MyPage.tsx:248\"]"},"value":null}}
[2026-03-03T16:24:25.449Z] {"timestamp":1772555065398,"kind":"focusin","url":"http://localhost:3000/my-page","viewport":{"width":1246,"height":678},"payload":{"target":{"tag":"button","id":"radix-_r_0_-trigger-eliminated","name":null,"type":null,"role":"tab","ariaLabel":null,"testId":null,"dataLoc":"client/src/pages/MyPage.tsx:248","href":null,"text":"除外管理 (0)","selectorHint":"[data-loc=\"client/src/pages/MyPage.tsx:248\"]"}}}
[2026-03-03T16:24:29.507Z] {"timestamp":1772555067706,"kind":"focusout","url":"http://localhost:3000/my-page","viewport":{"width":1246,"height":678},"payload":{"target":{"tag":"button","id":"radix-_r_0_-trigger-eliminated","name":null,"type":null,"role":"tab","ariaLabel":null,"testId":null,"dataLoc":"client/src/pages/MyPage.tsx:248","href":null,"text":"除外管理 (0)","selectorHint":"[data-loc=\"client/src/pages/MyPage.tsx:248\"]"},"value":null}}
[2026-03-03T16:24:29.507Z] {"timestamp":1772555067706,"kind":"focusin","url":"http://localhost:3000/my-page","viewport":{"width":1246,"height":678},"payload":{"target":{"tag":"button","id":null,"name":null,"type":null,"role":null,"ariaLabel":null,"testId":null,"dataLoc":"client/src/pages/MyPage.tsx:234","href":null,"text":"一覧に戻る","selectorHint":"[data-loc=\"client/src/pages/MyPage.tsx:234\"]"}}}
[2026-03-03T16:24:29.507Z] {"timestamp":1772555067805,"kind":"click","url":"http://localhost:3000/my-page","viewport":{"width":1246,"height":678},"payload":{"target":{"tag":"button","id":null,"name":null,"type":null,"role":null,"ariaLabel":null,"testId":null,"dataLoc":"client/src/pages/MyPage.tsx:234","href":null,"text":"一覧に戻る","selectorHint":"[data-loc=\"client/src/pages/MyPage.tsx:234\"]"},"x":1189,"y":59}}
[2026-03-03T16:24:29.507Z] {"timestamp":1772555067805,"kind":"navigate","url":"http://localhost:3000/horses","viewport":{"width":1246,"height":678},"payload":{"reason":"pushState"}}
[2026-03-03T16:24:29.507Z] {"timestamp":1772555069306,"kind":"scroll","url":"http://localhost:3000/horses","viewport":{"width":1246,"height":678},"payload":{"scrollX":0,"scrollY":1,"documentHeight":107194,"viewportHeight":678}}
[2026-03-03T16:24:33.518Z] {"timestamp":1772555072257,"kind":"click","url":"http://localhost:3000/horses","viewport":{"width":1246,"height":678},"payload":{"target":{"tag":"tr","id":null,"name":null,"type":null,"role":null,"ariaLabel":null,"testId":null,"dataLoc":"client/src/pages/Horses.tsx:161","href":null,"text":"上場番号 ↑ 性別/毛色 生年月日 血統 (父 / 母) 体高 胸囲 管囲 人気 詳細","selectorHint":"[data-loc=\"client/src/pages/Horses.tsx:161\"]"},"x":897,"y":213}}
[2026-03-03T16:24:33.518Z] {"timestamp":1772555073257,"kind":"click","url":"http://localhost:3000/horses","viewport":{"width":1246,"height":678},"payload":{"target":{"tag":"tr","id":null,"name":null,"type":null,"role":null,"ariaLabel":null,"testId":null,"dataLoc":"client/src/pages/Horses.tsx:161","href":null,"text":"上場番号 ↑ 性別/毛色 生年月日 血統 (父 / 母) 体高 胸囲 管囲 人気 詳細","selectorHint":"[data-loc=\"client/src/pages/Horses.tsx:161\"]"},"x":721,"y":213}}
[2026-03-03T16:24:35.625Z] {"timestamp":1772555075427,"kind":"focusin","url":"http://localhost:3000/horses","viewport":{"width":1246,"height":678},"payload":{"target":{"tag":"button","id":null,"name":null,"type":null,"role":null,"ariaLabel":null,"testId":null,"dataLoc":"client/src/pages/Horses.tsx:299","href":null,"text":"詳細","selectorHint":"[data-loc=\"client/src/pages/Horses.tsx:299\"]"}}}
[2026-03-03T16:24:35.625Z] {"timestamp":1772555075527,"kind":"click","url":"http://localhost:3000/horses","viewport":{"width":1246,"height":678},"payload":{"target":{"tag":"button","id":null,"name":null,"type":null,"role":null,"ariaLabel":null,"testId":null,"dataLoc":"client/src/pages/Horses.tsx:299","href":null,"text":"詳細","selectorHint":"[data-loc=\"client/src/pages/Horses.tsx:299\"]"},"x":1137,"y":352}}
[2026-03-03T16:24:35.625Z] {"timestamp":1772555075529,"kind":"navigate","url":"http://localhost:3000/horses/7313","viewport":{"width":1246,"height":678},"payload":{"reason":"pushState"}}
[2026-03-03T16:24:35.625Z] {"timestamp":1772555075620,"kind":"scroll","url":"http://localhost:3000/horses/7313","viewport":{"width":1246,"height":678},"payload":{"scrollX":0,"scrollY":0,"documentHeight":678,"viewportHeight":678}}
[2026-03-03T16:24:39.718Z] {"timestamp":1772555077802,"kind":"scroll","url":"http://localhost:3000/horses/7313","viewport":{"width":1246,"height":678},"payload":{"scrollX":0,"scrollY":1,"documentHeight":2495,"viewportHeight":678}}
[2026-03-03T16:24:39.718Z] {"timestamp":1772555079187,"kind":"scroll","url":"http://localhost:3000/horses/7313","viewport":{"width":1246,"height":678},"payload":{"scrollX":0,"scrollY":352,"documentHeight":2495,"viewportHeight":678}}
[2026-03-03T16:24:41.809Z] {"timestamp":1772555079877,"kind":"focusin","url":"http://localhost:3000/horses/7313","viewport":{"width":1246,"height":678},"payload":{"target":{"tag":"button","id":null,"name":null,"type":null,"role":null,"ariaLabel":null,"testId":null,"dataLoc":"client/src/components/ImageCarousel.tsx:85","href":null,"text":"","selectorHint":"[data-loc=\"client/src/components/ImageCarousel.tsx:85\"]"}}}
[2026-03-03T16:24:41.809Z] {"timestamp":1772555080008,"kind":"click","url":"http://localhost:3000/horses/7313","viewport":{"width":1246,"height":678},"payload":{"target":{"tag":"button","id":null,"name":null,"type":null,"role":null,"ariaLabel":null,"testId":null,"dataLoc":"client/src/components/ImageCarousel.tsx:85","href":null,"text":"","selectorHint":"[data-loc=\"client/src/components/ImageCarousel.tsx:85\"]"},"x":757,"y":238}}
[2026-03-03T16:24:47.825Z] {"timestamp":1772555086949,"kind":"focusout","url":"http://localhost:3000/horses/7313","viewport":{"width":1246,"height":678},"payload":{"target":{"tag":"button","id":null,"name":null,"type":null,"role":null,"ariaLabel":null,"testId":null,"dataLoc":"client/src/components/ImageCarousel.tsx:85","href":null,"text":"","selectorHint":"[data-loc=\"client/src/components/ImageCarousel.tsx:85\"]"},"value":null}}
